{
  "metrics": {
    "Variant": "0.50% stop, ATR\u00d73.0",
    "Capital_Risked": "5.0%",
    "Trades": 1263,
    "Win_rate_pct": 28.0,
    "Win_Loss_ratio": 3.0,
    "Cum_return_pct": 1401.0,
    "Max_DD_pct": 11.0,
    "Max_consec_losses": 24,
    "Max_consec_wins": 6,
    "Win_rate_30d_pct": 19.0,
    "Trades_30d": 37,
    "PnL_30d": -49513.0,
    "Win_rate_7d_pct": 22.0,
    "Trades_7d": 9,
    "PnL_7d": -2371.0,
    "Win_rate_3m_pct": 25.0,
    "Trades_3m": 72,
    "PnL_3m": -25898.0
  },
  "live_position": null,
  "equity_curve": [
    1144740.8299355411,
    1157712.9259470785,
    1152712.9259470785,
    1153924.0014816937,
    1175387.0502459542,
    1170387.0502459542,
    1165387.0502459542,
    1170969.018902408,
    1165969.018902408,
    1160969.018902408,
    1155969.018902408,
    1181830.1442034373,
    1176830.1442034373,
    1195864.900545284,
    1216067.3119570084,
    1207673.8828129668,
    1202673.8828129668,
    1197673.8828129668,
    1192673.8828129668,
    1187673.8828129668,
    1196644.141847185,
    1191644.141847185,
    1186644.141847185,
    1181644.141847185,
    1176644.141847185,
    1171644.141847185,
    1166644.141847185,
    1161644.141847185,
    1168145.6618784887,
    1163145.6618784887,
    1174181.156524635,
    1197681.769312041,
    1216043.2652005532,
    1211043.2652005532,
    1206043.2652005532,
    1201043.2652005532,
    1212485.529690594,
    1207485.529690594,
    1202485.529690594,
    1197485.529690594,
    1192485.529690594,
    1225807.2057733648,
    1220807.2057733648,
    1272826.95430728,
    1267826.95430728,
    1262826.95430728,
    1257826.95430728,
    1252826.95430728,
    1250573.7760101566,
    1245573.7760101566,
    1240573.7760101566,
    1235573.7760101566,
    1230573.7760101566,
    1225573.7760101566,
    1227361.7192007918,
    1222361.7192007918,
    1240598.0359683717,
    1235598.0359683717,
    1230598.0359683717,
    1225598.0359683717,
    1220598.0359683717,
    1215598.0359683717,
    1210598.0359683717,
    1211752.0860603838,
    1206752.0860603838,
    1218470.3995172866,
    1213470.3995172866,
    1208470.3995172866,
    1230918.315308176,
    1225918.315308176,
    1220918.315308176,
    1215918.315308176,
    1219260.6073624797,
    1214260.6073624797,
    1209260.6073624797,
    1204260.6073624797,
    1199260.6073624797,
    1194260.6073624797,
    1189260.6073624797,
    1193911.9411738156,
    1188604.2586203313,
    1188041.937640487,
    1183041.937640487,
    1196550.8217311495,
    1212723.0525778036,
    1207723.0525778036,
    1233394.613116073,
    1228394.613116073,
    1253300.4445892875,
    1248300.4445892875,
    1242034.1426616837,
    1237034.1426616837,
    1232034.1426616837,
    1227034.1426616837,
    1224188.2754583377,
    1219188.2754583377,
    1230907.8385009256,
    1225907.8385009256,
    1239350.8776371453,
    1234350.8776371453,
    1229350.8776371453,
    1224350.8776371453,
    1219350.8776371453,
    1214350.8776371453,
    1210056.5887160855,
    1205056.5887160855,
    1200056.5887160855,
    1195056.5887160855,
    1206924.9076710187,
    1236293.0476888174,
    1231293.0476888174,
    1226293.0476888174,
    1227244.6356512296,
    1222244.6356512296,
    1217244.6356512296,
    1212244.6356512296,
    1214331.2214564418,
    1209331.2214564418,
    1204331.2214564418,
    1215856.7110624998,
    1210856.7110624998,
    1205856.7110624998,
    1200856.7110624998,
    1195388.2941104071,
    1212701.1623725733,
    1207701.1623725733,
    1218267.530662519,
    1213267.530662519,
    1208267.530662519,
    1206907.4148007974,
    1201907.4148007974,
    1196907.4148007974,
    1204242.7368214342,
    1199242.7368214342,
    1194242.7368214342,
    1189242.7368214342,
    1190808.3470739448,
    1185808.3470739448,
    1180808.3470739448,
    1175808.3470739448,
    1170808.3470739448,
    1192835.549310381,
    1187835.549310381,
    1182835.549310381,
    1184628.9649130967,
    1179628.9649130967,
    1174628.9649130967,
    1169628.9649130967,
    1181353.2025794054,
    1176353.2025794054,
    1171353.2025794054,
    1166353.2025794054,
    1163635.2453169401,
    1162256.1963343835,
    1157256.1963343835,
    1152256.1963343835,
    1176282.601591646,
    1171282.601591646,
    1166282.601591646,
    1161282.601591646,
    1151213.9655441146,
    1146213.9655441146,
    1164243.9677953066,
    1159243.9677953066,
    1166951.4176772954,
    1181166.605098686,
    1199304.4306194317,
    1214794.0258973609,
    1221693.868432075,
    1216693.868432075,
    1211693.868432075,
    1208471.6170544836,
    1203471.6170544836,
    1198471.6170544836,
    1193471.6170544836,
    1188471.6170544836,
    1183471.6170544836,
    1178471.6170544836,
    1188065.190816788,
    1183065.190816788,
    1178065.190816788,
    1194622.7290466062,
    1191752.9169830352,
    1190793.0770924978,
    1189462.3233740649,
    1212295.9582582798,
    1223884.8723523724,
    1236719.241441808,
    1231719.241441808,
    1226719.241441808,
    1221719.241441808,
    1241085.79703427,
    1256950.1065570747,
    1251950.1065570747,
    1261823.817189698,
    1256823.817189698,
    1251823.817189698,
    1246823.817189698,
    1281414.415181405,
    1276414.415181405,
    1297443.2445614121,
    1292443.2445614121,
    1290881.2536458746,
    1286682.5868899424,
    1281682.5868899424,
    1276682.5868899424,
    1271682.5868899424,
    1280260.855276696,
    1284742.7880861752,
    1285419.8627312016,
    1280419.8627312016,
    1316781.5326425144,
    1311781.5326425144,
    1306781.5326425144,
    1299150.3430687664,
    1326295.6211461045,
    1329139.6854593253,
    1324139.6854593253,
    1319139.6854593253,
    1314139.6854593253,
    1309139.6854593253,
    1304139.6854593253,
    1299139.6854593253,
    1294139.6854593253,
    1300598.4109790917,
    1303574.4149888654,
    1301496.610467069,
    1310370.932990779,
    1305370.932990779,
    1300370.932990779,
    1295370.932990779,
    1290370.932990779,
    1285370.932990779,
    1280370.932990779,
    1275370.932990779,
    1270370.932990779,
    1265370.932990779,
    1266873.2515296263,
    1261873.2515296263,
    1256873.2515296263,
    1251873.2515296263,
    1246873.2515296263,
    1276207.8323337885,
    1271207.8323337885,
    1266207.8323337885,
    1309348.9342766132,
    1306280.593969779,
    1301280.593969779,
    1296280.593969779,
    1291280.593969779,
    1286280.593969779,
    1281280.593969779,
    1300658.1461086608,
    1295658.1461086608,
    1290658.1461086608,
    1285658.1461086608,
    1297188.4311228937,
    1292188.4311228937,
    1287188.4311228937,
    1297886.7305853558,
    1292886.7305853558,
    1287886.7305853558,
    1282886.7305853558,
    1296676.8031288309,
    1310101.2013630397,
    1310583.7569775742,
    1327540.6170013363,
    1322540.6170013363,
    1317540.6170013363,
    1312540.6170013363,
    1307540.6170013363,
    1323082.6545861838,
    1338881.6474225556,
    1333881.6474225556,
    1328881.6474225556,
    1393325.6455480154,
    1388325.6455480154,
    1383325.6455480154,
    1378325.6455480154,
    1392314.4199882795,
    1387314.4199882795,
    1407114.141423369,
    1401941.9289306663,
    1396941.9289306663,
    1411803.802287674,
    1406803.802287674,
    1418099.7352022622,
    1413099.7352022622,
    1409052.9292883584,
    1405251.2621550092,
    1400251.2621550092,
    1411089.5677124697,
    1415358.1052100924,
    1410358.1052100924,
    1411558.787703299,
    1406558.787703299,
    1415501.253111046,
    1410501.253111046,
    1405501.253111046,
    1406680.5485086066,
    1401680.5485086066,
    1402671.1276878705,
    1416136.8107843641,
    1418384.475320432,
    1416426.5418126294,
    1415779.9360105486,
    1410779.9360105486,
    1409285.1820221425,
    1404285.1820221425,
    1411945.655556047,
    1419299.1949334263,
    1414299.1949334263,
    1413201.6919954207,
    1408201.6919954207,
