{
  "metrics": {
    "Variant": "0.50% stop, ATR\u00d73.0",
    "Capital_Risked": "5.0%",
    "Trades": 1278,
    "Win_rate_pct": 27.0,
    "Win_Loss_ratio": 3.0,
    "Cum_return_pct": 1296.0,
    "Max_DD_pct": 12.0,
    "Max_consec_losses": 24,
    "Max_consec_wins": 5,
    "Win_rate_30d_pct": 26.0,
    "Trades_30d": 34,
    "PnL_30d": 16921.0,
    "Win_rate_7d_pct": 30.0,
    "Trades_7d": 10,
    "PnL_7d": 15504.0,
    "Win_rate_3m_pct": 26.0,
    "Trades_3m": 97,
    "PnL_3m": -12303.0
  },
  "live_position": null,
  "equity_curve": [
    1059559.7891655879,
    1054559.7891655879,
    1049559.7891655879,
    1056061.3091968917,
    1051061.3091968917,
    1062096.8038430377,
    1085597.4166304441,
    1103958.9125189562,
    1098958.9125189562,
    1093958.9125189562,
    1088958.9125189562,
    1100401.177008997,
    1095401.177008997,
    1090401.177008997,
    1085401.177008997,
    1080401.177008997,
    1113722.8530917678,
    1108722.8530917678,
    1160742.601625683,
    1155742.601625683,
    1150742.601625683,
    1145742.601625683,
    1140742.601625683,
    1138489.4233285594,
    1133489.4233285594,
    1128489.4233285594,
    1123489.4233285594,
    1118489.4233285594,
    1113489.4233285594,
    1115277.3665191946,
    1110277.3665191946,
    1128513.6832867744,
    1123513.6832867744,
    1118513.6832867744,
    1113513.6832867744,
    1108513.6832867744,
    1103513.6832867744,
    1104667.7333787866,
    1099667.7333787866,
    1111386.0468356896,
    1106386.0468356896,
    1101386.0468356896,
    1123833.962626579,
    1118833.962626579,
    1113833.962626579,
    1108833.962626579,
    1103833.962626579,
    1098833.962626579,
    1093833.962626579,
    1088833.962626579,
    1083833.962626579,
    1078833.962626579,
    1083485.296437915,
    1078177.6138844304,
    1077615.292904586,
    1072615.292904586,
    1086124.1769952485,
    1102296.4078419027,
    1097296.4078419027,
    1122967.968380172,
    1117967.968380172,
    1142873.7998533864,
    1137873.7998533864,
    1131607.4979257826,
    1126607.4979257826,
    1121607.4979257826,
    1116607.4979257826,
    1113761.6307224366,
    1108761.6307224366,
    1120481.1937650247,
    1115481.1937650247,
    1128924.2329012444,
    1123924.2329012444,
    1118924.2329012444,
    1113924.2329012444,
    1108924.2329012444,
    1103924.2329012444,
    1099629.9439801846,
    1094629.9439801846,
    1089629.9439801846,
    1084629.9439801846,
    1113998.0839979833,
    1108998.0839979833,
    1103998.0839979833,
    1104949.6719603955,
    1099949.6719603955,
    1094949.6719603955,
    1089949.6719603955,
    1092036.2577656074,
    1087036.2577656074,
    1082036.2577656074,
    1093561.7473716657,
    1088561.7473716657,
    1083561.7473716657,
    1078561.7473716657,
    1073093.330419573,
    1090406.1986817392,
    1085406.1986817392,
    1095972.5669716848,
    1090972.5669716848,
    1085972.5669716848,
    1084612.451109963,
    1079612.451109963,
    1074612.451109963,
    1081947.7731305999,
    1076947.7731305999,
    1071947.7731305999,
    1066947.7731305999,
    1068513.3833831104,
    1063513.3833831104,
    1058513.3833831104,
    1053513.3833831104,
    1048513.3833831104,
    1070540.5856195467,
    1065540.5856195467,
    1060540.5856195467,
    1062334.0012222626,
    1057334.0012222626,
    1052334.0012222626,
    1047334.0012222625,
    1059058.2388885713,
    1054058.2388885713,
    1049058.2388885713,
    1044058.2388885713,
    1041340.2816261061,
    1039961.2326435494,
    1034961.2326435494,
    1029961.2326435494,
    1053987.637900812,
    1048987.637900812,
    1043987.6379008121,
    1038987.6379008121,
    1028919.0018532806,
    1023919.0018532806,
    1041949.0041044725,
    1036949.0041044725,
    1044656.4539864614,
    1058871.6414078518,
    1077009.4669285975,
    1092499.0622065268,
    1099398.9047412407,
    1094398.9047412407,
    1089398.9047412407,
    1086176.6533636495,
    1081176.6533636495,
    1076176.6533636495,
    1071176.6533636495,
    1066176.6533636495,
    1061176.6533636495,
    1056176.6533636495,
    1065770.2271259539,
    1060770.2271259539,
    1055770.2271259539,
    1072327.765355772,
    1069457.953292201,
    1068498.1134016635,
    1067167.3596832305,
    1090000.9945674455,
    1101589.908661538,
    1114424.2777509736,
    1109424.2777509736,
    1104424.2777509736,
    1099424.2777509736,
    1118790.8333434355,
    1134655.1428662403,
    1129655.1428662403,
    1139528.8534988635,
    1134528.8534988635,
    1129528.8534988635,
    1124528.8534988635,
    1159119.4514905706,
    1154119.4514905706,
    1175148.2808705778,
    1170148.2808705778,
    1168586.2899550402,
    1164387.623199108,
    1159387.623199108,
    1154387.623199108,
    1149387.623199108,
    1157965.8915858616,
    1162447.8243953409,
    1163124.8990403672,
    1158124.8990403672,
    1194486.56895168,
    1189486.56895168,
    1184486.56895168,
    1176855.379377932,
    1204000.6574552702,
    1206844.721768491,
    1201844.721768491,
    1196844.721768491,
    1191844.721768491,
    1186844.721768491,
    1181844.721768491,
    1176844.721768491,
    1171844.721768491,
    1178303.4472882573,
    1181279.451298031,
    1179201.6467762347,
    1188075.9692999446,
    1183075.9692999446,
    1178075.9692999446,
    1173075.9692999446,
    1168075.9692999446,
    1163075.9692999446,
    1158075.9692999446,
    1153075.9692999446,
    1148075.9692999446,
    1143075.9692999446,
    1144578.287838792,
    1139578.287838792,
    1134578.287838792,
    1129578.287838792,
    1124578.287838792,
    1153912.8686429542,
    1148912.8686429542,
    1143912.8686429542,
    1187053.9705857788,
    1183985.6302789447,
    1178985.6302789447,
    1173985.6302789447,
    1168985.6302789447,
    1163985.6302789447,
    1158985.6302789447,
    1178363.1824178265,
    1173363.1824178265,
    1168363.1824178265,
    1163363.1824178265,
    1174893.4674320593,
    1169893.4674320593,
    1164893.4674320593,
    1175591.7668945214,
    1170591.7668945214,
    1165591.7668945214,
    1160591.7668945214,
    1174381.8394379965,
    1187806.2376722053,
    1188288.7932867398,
    1205245.653310502,
    1200245.653310502,
    1195245.653310502,
    1190245.653310502,
    1185245.653310502,
    1200787.6908953495,
    1216586.6837317212,
    1211586.6837317212,
    1276030.681857181,
    1271030.681857181,
    1266030.681857181,
    1261030.681857181,
    1275019.456297445,
    1270019.456297445,
    1289819.1777325347,
    1284646.965239832,
    1279646.965239832,
    1294508.8385968397,
    1289508.8385968397,
    1300804.7715114278,
    1295804.7715114278,
    1291757.965597524,
    1287956.2984641748,
    1282956.2984641748,
    1293794.6040216354,
    1298063.141519258,
    1293063.141519258,
    1294263.8240124646,
    1289263.8240124646,
    1298206.2894202117,
    1293206.2894202117,
    1288206.2894202117,
    1289385.5848177723,
    1284385.5848177723,
    1285376.1639970362,
    1298841.8470935298,
    1301089.5116295977,
    1299131.578121795,
    1298484.9723197143,
    1293484.9723197143,
    1291990.218331308,
    1286990.218331308,
    1294650.6918652127,
    1302004.231242592,
    1297004.231242592,
    1295906.7283045864,
    1290906.7283045864,
    1282937.2875227665,
    1277937.2875227665,
    1272937.2875227665,
    1283633.4011769528,
    1278633.4011769528,
    1273633.4011769528,
    1291998.6923954294,
    1286998.6923954294,
    1288651.984117825,
    1297476.393527379,
    1292476.393527379,
    1300668.1411001948,
    1291774.0390997145,
    1295443.243317408,
    1291491.738188143,
    1286491.738188143,
    1281491.738188143,
    1283378.5125701525,
    1278378.5125701525,
    1284248.147875203,
    1298221.9454850596,
    1308234.4139467217,
    1312490.9102795161,
    1307490.9102795161,
    1310306.7982947405,
    1305306.7982947405,
    1322632.5319483713,
    1325142.6853538237,
    1320142.6853538237,
