{
  "metrics": {
    "Variant": "0.50% stop, ATR\u00d73.0",
    "Capital_Risked": "5.0%",
    "Trades": 1280,
    "Win_rate_pct": 27.0,
    "Win_Loss_ratio": 3.0,
    "Cum_return_pct": 1317.0,
    "Max_DD_pct": 12.0,
    "Max_consec_losses": 24,
    "Max_consec_wins": 5,
    "Win_rate_30d_pct": 26.0,
    "Trades_30d": 34,
    "PnL_30d": 16921.0,
    "Win_rate_7d_pct": 30.0,
    "Trades_7d": 10,
    "PnL_7d": 15504.0,
    "Win_rate_3m_pct": 26.0,
    "Trades_3m": 97,
    "PnL_3m": -12303.0
  },
  "live_position": null,
  "equity_curve": [
    1080835.9100840606,
    1075835.9100840606,
    1070835.9100840606,
    1077337.4301153645,
    1072337.4301153645,
    1083372.9247615105,
    1106873.5375489169,
    1125235.033437429,
    1120235.033437429,
    1115235.033437429,
    1110235.033437429,
    1121677.2979274697,
    1116677.2979274697,
    1111677.2979274697,
    1106677.2979274697,
    1101677.2979274697,
    1134998.9740102405,
    1129998.9740102405,
    1182018.7225441558,
    1177018.7225441558,
    1172018.7225441558,
    1167018.7225441558,
    1162018.7225441558,
    1159765.5442470324,
    1154765.5442470324,
    1149765.5442470324,
    1144765.5442470324,
    1139765.5442470324,
    1134765.5442470324,
    1136553.4874376676,
    1131553.4874376676,
    1149789.8042052474,
    1144789.8042052474,
    1139789.8042052474,
    1134789.8042052474,
    1129789.8042052474,
    1124789.8042052474,
    1125943.8542972596,
    1120943.8542972596,
    1132662.1677541626,
    1127662.1677541626,
    1122662.1677541626,
    1145110.083545052,
    1140110.083545052,
    1135110.083545052,
    1130110.083545052,
    1125110.083545052,
    1120110.083545052,
    1115110.083545052,
    1110110.083545052,
    1105110.083545052,
    1100110.083545052,
    1104761.4173563877,
    1099453.7348029034,
    1098891.413823059,
    1093891.413823059,
    1107400.2979137215,
    1123572.5287603757,
    1118572.5287603757,
    1144244.089298645,
    1139244.089298645,
    1164149.9207718594,
    1159149.9207718594,
    1152883.6188442556,
    1147883.6188442556,
    1142883.6188442556,
    1137883.6188442556,
    1135037.7516409096,
    1130037.7516409096,
    1141757.3146834974,
    1136757.3146834974,
    1150200.3538197174,
    1145200.3538197174,
    1140200.3538197174,
    1135200.3538197174,
    1130200.3538197174,
    1125200.3538197174,
    1120906.0648986576,
    1115906.0648986576,
    1110906.0648986576,
    1105906.0648986576,
    1135274.2049164562,
    1130274.2049164562,
    1125274.2049164562,
    1126225.7928788685,
    1121225.7928788685,
    1116225.7928788685,
    1111225.7928788685,
    1113312.3786840804,
    1108312.3786840804,
    1103312.3786840804,
    1114837.8682901384,
    1109837.8682901384,
    1104837.8682901384,
    1099837.8682901384,
    1094369.4513380458,
    1111682.319600212,
    1106682.319600212,
    1117248.6878901576,
    1112248.6878901576,
    1107248.6878901576,
    1105888.572028436,
    1100888.572028436,
    1095888.572028436,
    1103223.8940490726,
    1098223.8940490726,
    1093223.8940490726,
    1088223.8940490726,
    1089789.5043015834,
    1084789.5043015834,
    1079789.5043015834,
    1074789.5043015834,
    1069789.5043015834,
    1091816.7065380197,
    1086816.7065380197,
    1081816.7065380197,
    1083610.1221407354,
    1078610.1221407354,
    1073610.1221407354,
    1068610.1221407354,
    1080334.3598070443,
    1075334.3598070443,
    1070334.3598070443,
    1065334.3598070443,
    1062616.402544579,
    1061237.3535620223,
    1056237.3535620223,
    1051237.3535620223,
    1075263.7588192848,
    1070263.7588192848,
    1065263.7588192848,
    1060263.7588192848,
    1050195.1227717535,
    1045195.1227717535,
    1063225.1250229455,
    1058225.1250229455,
    1065932.5749049345,
    1080147.7623263248,
    1098285.5878470703,
    1113775.1831249995,
    1120675.025659714,
    1115675.025659714,
    1110675.025659714,
    1107452.7742821225,
    1102452.7742821225,
    1097452.7742821225,
    1092452.7742821225,
    1087452.7742821225,
    1082452.7742821225,
    1077452.7742821225,
    1087046.3480444269,
    1082046.3480444269,
    1077046.3480444269,
    1093603.886274245,
    1090734.074210674,
    1089774.2343201367,
    1088443.4806017037,
    1111277.1154859185,
    1122866.029580011,
    1135700.3986694466,
    1130700.3986694466,
    1125700.3986694466,
    1120700.3986694466,
    1140066.9542619083,
    1155931.2637847133,
    1150931.2637847133,
    1160804.9744173368,
    1155804.9744173368,
    1150804.9744173368,
    1145804.9744173368,
    1180395.5724090436,
    1175395.5724090436,
    1196424.4017890508,
    1191424.4017890508,
    1189862.4108735132,
    1185663.744117581,
    1180663.744117581,
    1175663.744117581,
    1170663.744117581,
    1179242.0125043346,
    1183723.9453138139,
    1184401.0199588402,
    1179401.0199588402,
    1215762.689870153,
    1210762.689870153,
    1205762.689870153,
    1198131.500296405,
    1225276.7783737432,
    1228120.842686964,
    1223120.842686964,
    1218120.842686964,
    1213120.842686964,
    1208120.842686964,
    1203120.842686964,
    1198120.842686964,
    1193120.842686964,
    1199579.5682067303,
    1202555.572216504,
    1200477.7676947077,
    1209352.0902184176,
    1204352.0902184176,
    1199352.0902184176,
    1194352.0902184176,
    1189352.0902184176,
    1184352.0902184176,
    1179352.0902184176,
    1174352.0902184176,
    1169352.0902184176,
    1164352.0902184176,
    1165854.408757265,
    1160854.408757265,
    1155854.408757265,
    1150854.408757265,
    1145854.408757265,
    1175188.9895614272,
    1170188.9895614272,
    1165188.9895614272,
    1208330.0915042518,
    1205261.7511974177,
    1200261.7511974177,
    1195261.7511974177,
    1190261.7511974177,
    1185261.7511974177,
    1180261.7511974177,
    1199639.3033362995,
    1194639.3033362995,
    1189639.3033362995,
    1184639.3033362995,
    1196169.5883505323,
    1191169.5883505323,
    1186169.5883505323,
    1196867.8878129944,
    1191867.8878129944,
    1186867.8878129944,
    1181867.8878129944,
    1195657.9603564695,
    1209082.3585906783,
    1209564.9142052128,
    1226521.774228975,
    1221521.774228975,
    1216521.774228975,
    1211521.774228975,
    1206521.774228975,
    1222063.8118138225,
    1237862.8046501942,
    1232862.8046501942,
    1297306.802775654,
    1292306.802775654,
    1287306.802775654,
    1282306.802775654,
    1296295.577215918,
    1291295.577215918,
    1311095.2986510077,
    1305923.086158305,
    1300923.086158305,
    1315784.9595153127,
    1310784.9595153127,
    1322080.8924299008,
    1317080.8924299008,
    1313034.086515997,
    1309232.4193826478,
    1304232.4193826478,
    1315070.7249401084,
    1319339.262437731,
    1314339.262437731,
    1315539.9449309376,
    1310539.9449309376,
    1319482.4103386847,
    1314482.4103386847,
    1309482.4103386847,
    1310661.7057362453,
    1305661.7057362453,
    1306652.2849155092,
    1320117.9680120028,
    1322365.6325480707,
    1320407.699040268,
    1319761.0932381873,
    1314761.0932381873,
    1313266.339249781,
    1308266.339249781,
    1315926.8127836857,
    1323280.352161065,
    1318280.352161065,
    1317182.8492230594,
    1312182.8492230594,
    1304213.4084412395,
    1299213.4084412395,
    1294213.4084412395,
    1304909.5220954258,
    1299909.5220954258,
    1294909.5220954258,
    1313274.8133139024,
    1308274.8133139024,
    1309928.105036298,
    1318752.514445852,
    1313752.514445852,
    1321944.2620186678,
    1313050.1600181875,
    1316719.364235881,
    1312767.859106616,
    1307767.859106616,
    1302767.859106616,
    1304654.6334886255,
    1299654.6334886255,
    1305524.268793676,
    1319498.0664035326,
    1329510.5348651947,
    1333767.0311979891,
    1328767.0311979891,
    1331582.9192132135,
    1326582.9192132135,
    1343908.6528668443,
    1346418.8062722967,
    1341418.8062722967,
