{
  "metrics": {
    "Variant": "0.50% stop, ATR\u00d73.0",
    "Capital_Risked": "5.0%",
    "Trades": 1250,
    "Win_rate_pct": 28.0,
    "Win_Loss_ratio": 3.0,
    "Cum_return_pct": 1433.0,
    "Max_DD_pct": 11.0,
    "Max_consec_losses": 25,
    "Max_consec_wins": 7,
    "Win_rate_30d_pct": 27.0,
    "Trades_30d": 30,
    "PnL_30d": -9511.0,
    "Win_rate_7d_pct": 18.0,
    "Trades_7d": 11,
    "PnL_7d": -37923.0,
    "Win_rate_3m_pct": 28.0,
    "Trades_3m": 47,
    "PnL_3m": -19309.0
  },
  "live_position": null,
  "equity_curve": [
    1159081.5704493485,
    1154081.5704493485,
    1167655.5564384272,
    1162655.5564384272,
    1164887.478575422,
    1159887.478575422,
    1157317.0072260688,
    1171175.0727074547,
    1166175.0727074547,
    1161175.0727074547,
    1172059.2563358939,
    1167059.2563358939,
    1176196.5603728099,
    1192032.1242999772,
    1187032.1242999772,
    1182032.1242999772,
    1181933.988873088,
    1176933.988873088,
    1171933.988873088,
    1166933.988873088,
    1161933.988873088,
    1156933.988873088,
    1151933.988873088,
    1161093.8119937452,
    1156093.8119937452,
    1169065.9080052825,
    1164065.9080052825,
    1165276.9835398977,
    1186740.0323041582,
    1181740.0323041582,
    1176740.0323041582,
    1182322.000960612,
    1177322.000960612,
    1172322.000960612,
    1167322.000960612,
    1193183.1262616413,
    1188183.1262616413,
    1207217.882603488,
    1227420.2940152125,
    1219026.8648711708,
    1214026.8648711708,
    1209026.8648711708,
    1204026.8648711708,
    1199026.8648711708,
    1207997.123905389,
    1202997.123905389,
    1197997.123905389,
    1192997.123905389,
    1187997.123905389,
    1182997.123905389,
    1177997.123905389,
    1172997.123905389,
    1179498.6439366927,
    1174498.6439366927,
    1185534.138582839,
    1209034.7513702451,
    1227396.2472587572,
    1222396.2472587572,
    1217396.2472587572,
    1212396.2472587572,
    1223838.511748798,
    1218838.511748798,
    1213838.511748798,
    1208838.511748798,
    1203838.511748798,
    1237160.1878315688,
    1232160.1878315688,
    1284179.936365484,
    1279179.936365484,
    1274179.936365484,
    1269179.936365484,
    1264179.936365484,
    1261926.7580683606,
    1256926.7580683606,
    1251926.7580683606,
    1246926.7580683606,
    1241926.7580683606,
    1236926.7580683606,
    1238714.7012589958,
    1233714.7012589958,
    1251951.0180265757,
    1246951.0180265757,
    1241951.0180265757,
    1236951.0180265757,
    1231951.0180265757,
    1226951.0180265757,
    1226934.5828223682,
    1228088.6329143804,
    1223088.6329143804,
    1234806.9463712831,
    1229806.9463712831,
    1224806.9463712831,
    1247254.8621621726,
    1242254.8621621726,
    1237254.8621621726,
    1232254.8621621726,
    1235597.1542164763,
    1230597.1542164763,
    1225597.1542164763,
    1220597.1542164763,
    1215597.1542164763,
    1210597.1542164763,
    1205597.1542164763,
    1210248.4880278122,
    1204940.8054743279,
    1204378.4844944836,
    1199378.4844944836,
    1212887.368585146,
    1229059.5994318002,
    1224059.5994318002,
    1249731.1599700695,
    1244731.1599700695,
    1269636.991443284,
    1264636.991443284,
    1258370.6895156803,
    1253370.6895156803,
    1248370.6895156803,
    1243370.6895156803,
    1240524.8223123343,
    1235524.8223123343,
    1247244.3853549222,
    1242244.3853549222,
    1255687.424491142,
    1250687.424491142,
    1245687.424491142,
    1240687.424491142,
    1235687.424491142,
    1230687.424491142,
    1226393.135570082,
    1221393.135570082,
    1216393.135570082,
    1211393.135570082,
    1223261.4545250153,
    1252629.594542814,
    1247629.594542814,
    1242629.594542814,
    1243581.1825052262,
    1238581.1825052262,
    1233581.1825052262,
    1228581.1825052262,
    1233505.8898668406,
    1228505.8898668406,
    1223505.8898668406,
    1235031.3794728986,
    1230031.3794728986,
    1225031.3794728986,
    1220031.3794728986,
    1214562.962520806,
    1231875.830782972,
    1226875.830782972,
    1237442.1990729177,
    1232442.1990729177,
    1227442.1990729177,
    1226082.0832111961,
    1221082.0832111961,
    1216082.0832111961,
    1223417.405231833,
    1218417.405231833,
    1213417.405231833,
    1208417.405231833,
    1209983.0154843435,
    1204983.0154843435,
    1199983.0154843435,
    1194983.0154843435,
    1189983.0154843435,
    1212010.2177207798,
    1207010.2177207798,
    1202010.2177207798,
    1203803.6333234955,
    1198803.6333234955,
    1193803.6333234955,
    1188803.6333234955,
    1200527.8709898042,
    1195527.8709898042,
    1190527.8709898042,
    1185527.8709898042,
    1182809.913727339,
    1181430.8647447822,
    1176430.8647447822,
    1171430.8647447822,
    1195457.2700020447,
    1190457.2700020447,
    1185457.2700020447,
    1180457.2700020447,
    1170388.6339545134,
    1165388.6339545134,
    1183418.6362057053,
    1178418.6362057053,
    1186126.0860876942,
    1200341.2735090847,
    1218479.0990298304,
    1233968.6943077596,
    1240868.5368424738,
    1235868.5368424738,
    1230868.5368424738,
    1227646.2854648824,
    1222646.2854648824,
    1217646.2854648824,
    1212646.2854648824,
    1207646.2854648824,
    1202646.2854648824,
    1197646.2854648824,
    1207239.8592271868,
    1202239.8592271868,
    1197239.8592271868,
    1213797.397457005,
    1210927.585393434,
    1209967.7455028966,
    1208636.9917844636,
    1231470.6266686786,
    1243059.5407627712,
    1255893.9098522067,
    1250893.9098522067,
    1245893.9098522067,
    1240893.9098522067,
    1260260.4654446687,
    1276124.7749674735,
    1271124.7749674735,
    1280998.4856000969,
    1275998.4856000969,
    1270998.4856000969,
    1265998.4856000969,
    1300589.0835918037,
    1295589.0835918037,
    1316617.912971811,
    1311617.912971811,
    1310055.9220562733,
    1305857.2553003412,
    1300857.2553003412,
    1295857.2553003412,
    1290857.2553003412,
    1299435.5236870947,
    1303917.456496574,
    1304594.5311416003,
    1299594.5311416003,
    1335956.2010529132,
    1330956.2010529132,
    1325956.2010529132,
    1318325.0114791652,
    1345470.2895565033,
    1348314.353869724,
    1343314.353869724,
    1338314.353869724,
    1333314.353869724,
    1328314.353869724,
    1323314.353869724,
    1318314.353869724,
    1313314.353869724,
    1319773.0793894904,
    1322749.0833992641,
    1320671.2788774678,
    1329545.6014011777,
    1324545.6014011777,
    1319545.6014011777,
    1314545.6014011777,
    1309545.6014011777,
    1304545.6014011777,
    1299545.6014011777,
    1294545.6014011777,
    1289545.6014011777,
    1284545.6014011777,
    1286047.919940025,
    1281047.919940025,
    1276047.919940025,
    1271047.919940025,
    1266047.919940025,
    1295382.5007441873,
    1290382.5007441873,
    1285382.5007441873,
    1328523.602687012,
    1325455.2623801779,
    1320455.2623801779,
    1315455.2623801779,
    1310455.2623801779,
    1305455.2623801779,
    1300455.2623801779,
    1319832.8145190596,
    1314832.8145190596,
    1309832.8145190596,
    1304832.8145190596,
    1316363.0995332925,
    1311363.0995332925,
    1306363.0995332925,
    1317061.3989957545,
    1312061.3989957545,
    1307061.3989957545,
    1302061.3989957545,
    1315851.4715392296,
    1329275.8697734384,
    1329758.425387973,
    1346715.285411735,
    1341715.285411735,
    1336715.285411735,
    1331715.285411735,
    1326715.285411735,
    1342257.3229965826,
    1358056.3158329544,
    1353056.3158329544,
    1348056.3158329544,
    1412500.3139584141,
    1407500.3139584141,
    1402500.3139584141,
    1397500.3139584141,
    1411489.0883986782,
    1406489.0883986782,
    1426288.8098337678,
    1421116.597341065,
    1416116.597341065,
    1430978.4706980728,
    1425978.4706980728,
    1437274.403612661,
    1432274.403612661,
    1428227.5976987572,
    1424425.930565408,
