{
  "metrics": {
    "Variant": "0.50% stop, ATR\u00d73.0",
    "Capital_Risked": "5.0%",
    "Trades": 1262,
    "Win_rate_pct": 28.0,
    "Win_Loss_ratio": 3.0,
    "Cum_return_pct": 1445.0,
    "Max_DD_pct": 11.0,
    "Max_consec_losses": 24,
    "Max_consec_wins": 6,
    "Win_rate_30d_pct": 19.0,
    "Trades_30d": 36,
    "PnL_30d": -44513.0,
    "Win_rate_7d_pct": 25.0,
    "Trades_7d": 8,
    "PnL_7d": 2629.0,
    "Win_rate_3m_pct": 26.0,
    "Trades_3m": 70,
    "PnL_3m": -15898.0
  },
  "live_position": null,
  "equity_curve": [
    1170367.9694881735,
    1179527.7926088306,
    1174527.7926088306,
    1187499.888620368,
    1182499.888620368,
    1183710.9641549832,
    1205174.0129192437,
    1200174.0129192437,
    1195174.0129192437,
    1200755.9815756974,
    1195755.9815756974,
    1190755.9815756974,
    1185755.9815756974,
    1211617.1068767267,
    1206617.1068767267,
    1225651.8632185734,
    1245854.274630298,
    1237460.8454862563,
    1232460.8454862563,
    1227460.8454862563,
    1222460.8454862563,
    1217460.8454862563,
    1226431.1045204746,
    1221431.1045204746,
    1216431.1045204746,
    1211431.1045204746,
    1206431.1045204746,
    1201431.1045204746,
    1196431.1045204746,
    1191431.1045204746,
    1197932.6245517782,
    1192932.6245517782,
    1203968.1191979244,
    1227468.7319853306,
    1245830.2278738427,
    1240830.2278738427,
    1235830.2278738427,
    1230830.2278738427,
    1242272.4923638834,
    1237272.4923638834,
    1232272.4923638834,
    1227272.4923638834,
    1222272.4923638834,
    1255594.1684466542,
    1250594.1684466542,
    1302613.9169805695,
    1297613.9169805695,
    1292613.9169805695,
    1287613.9169805695,
    1282613.9169805695,
    1280360.738683446,
    1275360.738683446,
    1270360.738683446,
    1265360.738683446,
    1260360.738683446,
    1255360.738683446,
    1257148.6818740813,
    1252148.6818740813,
    1270384.9986416611,
    1265384.9986416611,
    1260384.9986416611,
    1255384.9986416611,
    1250384.9986416611,
    1245384.9986416611,
    1240384.9986416611,
    1241539.0487336733,
    1236539.0487336733,
    1248257.362190576,
    1243257.362190576,
    1238257.362190576,
    1260705.2779814654,
    1255705.2779814654,
    1250705.2779814654,
    1245705.2779814654,
    1249047.5700357691,
    1244047.5700357691,
    1239047.5700357691,
    1234047.5700357691,
    1229047.5700357691,
    1224047.5700357691,
    1219047.5700357691,
    1223698.903847105,
    1218391.2212936208,
    1217828.9003137765,
    1212828.9003137765,
    1226337.784404439,
    1242510.015251093,
    1237510.015251093,
    1263181.5757893624,
    1258181.5757893624,
    1283087.407262577,
    1278087.407262577,
    1271821.1053349732,
    1266821.1053349732,
    1261821.1053349732,
    1256821.1053349732,
    1253975.2381316272,
    1248975.2381316272,
    1260694.801174215,
    1255694.801174215,
    1269137.8403104348,
    1264137.8403104348,
    1259137.8403104348,
    1254137.8403104348,
    1249137.8403104348,
    1244137.8403104348,
    1239843.551389375,
    1234843.551389375,
    1229843.551389375,
    1224843.551389375,
    1236711.8703443082,
    1266080.0103621068,
    1261080.0103621068,
    1256080.0103621068,
    1257031.5983245191,
    1252031.5983245191,
    1247031.5983245191,
    1242031.5983245191,
    1244118.1841297313,
    1239118.1841297313,
    1234118.1841297313,
    1245643.6737357893,
    1240643.6737357893,
    1235643.6737357893,
    1230643.6737357893,
    1225175.2567836966,
    1242488.1250458627,
    1237488.1250458627,
    1248054.4933358084,
    1243054.4933358084,
    1238054.4933358084,
    1236694.3774740868,
    1231694.3774740868,
    1226694.3774740868,
    1234029.6994947237,
    1229029.6994947237,
    1224029.6994947237,
    1219029.6994947237,
    1220595.3097472342,
    1215595.3097472342,
    1210595.3097472342,
    1205595.3097472342,
    1200595.3097472342,
    1222622.5119836705,
    1217622.5119836705,
    1212622.5119836705,
    1214415.9275863862,
    1209415.9275863862,
    1204415.9275863862,
    1199415.9275863862,
    1211140.1652526949,
    1206140.1652526949,
    1201140.1652526949,
    1196140.1652526949,
    1193422.2079902296,
    1192043.159007673,
    1187043.159007673,
    1182043.159007673,
    1206069.5642649354,
    1201069.5642649354,
    1196069.5642649354,
    1191069.5642649354,
    1181000.928217404,
    1176000.928217404,
    1194030.930468596,
    1189030.930468596,
    1196738.3803505849,
    1210953.5677719754,
    1229091.3932927211,
    1244580.9885706503,
    1251480.8311053645,
    1246480.8311053645,
    1241480.8311053645,
    1238258.579727773,
    1233258.579727773,
    1228258.579727773,
    1223258.579727773,
    1218258.579727773,
    1213258.579727773,
    1208258.579727773,
    1217852.1534900775,
    1212852.1534900775,
    1207852.1534900775,
    1224409.6917198957,
    1221539.8796563246,
    1220580.0397657873,
    1219249.2860473543,
    1242082.9209315693,
    1253671.8350256619,
    1266506.2041150974,
    1261506.2041150974,
    1256506.2041150974,
    1251506.2041150974,
    1270872.7597075594,
    1286737.0692303642,
    1281737.0692303642,
    1291610.7798629876,
    1286610.7798629876,
    1281610.7798629876,
    1276610.7798629876,
    1311201.3778546944,
    1306201.3778546944,
    1327230.2072347016,
    1322230.2072347016,
    1320668.216319164,
    1316469.5495632319,
    1311469.5495632319,
    1306469.5495632319,
    1301469.5495632319,
    1310047.8179499854,
    1314529.7507594647,
    1315206.825404491,
    1310206.825404491,
    1346568.495315804,
    1341568.495315804,
    1336568.495315804,
    1328937.3057420559,
    1356082.583819394,
    1358926.6481326148,
    1353926.6481326148,
    1348926.6481326148,
    1343926.6481326148,
    1338926.6481326148,
    1333926.6481326148,
    1328926.6481326148,
    1323926.6481326148,
    1330385.3736523811,
    1333361.3776621548,
    1331283.5731403586,
    1340157.8956640684,
    1335157.8956640684,
    1330157.8956640684,
    1325157.8956640684,
    1320157.8956640684,
    1315157.8956640684,
    1310157.8956640684,
    1305157.8956640684,
    1300157.8956640684,
    1295157.8956640684,
    1296660.2142029158,
    1291660.2142029158,
    1286660.2142029158,
    1281660.2142029158,
    1276660.2142029158,
    1305994.795007078,
    1300994.795007078,
    1295994.795007078,
    1339135.8969499026,
    1336067.5566430686,
    1331067.5566430686,
    1326067.5566430686,
    1321067.5566430686,
    1316067.5566430686,
    1311067.5566430686,
    1330445.1087819503,
    1325445.1087819503,
    1320445.1087819503,
    1315445.1087819503,
    1326975.3937961832,
    1321975.3937961832,
    1316975.3937961832,
    1327673.6932586452,
    1322673.6932586452,
    1317673.6932586452,
    1312673.6932586452,
    1326463.7658021203,
    1339888.1640363291,
    1340370.7196508637,
    1357327.5796746258,
    1352327.5796746258,
    1347327.5796746258,
    1342327.5796746258,
    1337327.5796746258,
    1352869.6172594733,
    1368668.610095845,
    1363668.610095845,
    1358668.610095845,
    1423112.6082213048,
    1418112.6082213048,
    1413112.6082213048,
    1408112.6082213048,
    1422101.382661569,
    1417101.382661569,
    1436901.1040966585,
    1431728.8916039558,
    1426728.8916039558,
    1441590.7649609635,
    1436590.7649609635,
    1447886.6978755516,
    1442886.6978755516,
    1438839.891961648,
    1435038.2248282987,
    1430038.2248282987,
    1440876.5303857592,
    1445145.0678833819,
    1440145.0678833819,
    1441345.7503765884,
    1436345.7503765884,
    1445288.2157843355,
    1440288.2157843355,
    1435288.2157843355,
    1436467.511181896,
    1431467.511181896,
    1432458.09036116,
    1445923.7734576536,
    1448171.4379937216,
    1446213.504485919,
    1445566.898683838,
    1440566.898683838,
    1439072.144695432,
    1434072.144695432,
    1441732.6182293366,
    1449086.1576067158,
