{
  "metrics": {
    "Variant": "0.50% stop, ATR\u00d73.0",
    "Capital_Risked": "5.0%",
    "Trades": 1260,
    "Win_rate_pct": 28.0,
    "Win_Loss_ratio": 3.0,
    "Cum_return_pct": 1492.0,
    "Max_DD_pct": 11.0,
    "Max_consec_losses": 24,
    "Max_consec_wins": 6,
    "Win_rate_30d_pct": 23.0,
    "Trades_30d": 39,
    "PnL_30d": 8287.0,
    "Win_rate_7d_pct": 40.0,
    "Trades_7d": 10,
    "PnL_7d": 33348.0,
    "Win_rate_3m_pct": 26.0,
    "Trades_3m": 68,
    "PnL_3m": -5898.0
  },
  "live_position": null,
  "equity_curve": [
    1217681.046450482,
    1212681.046450482,
    1207681.046450482,
    1216840.869571139,
    1211840.869571139,
    1224812.9655826765,
    1219812.9655826765,
    1221024.0411172917,
    1242487.0898815522,
    1237487.0898815522,
    1232487.0898815522,
    1238069.058538006,
    1233069.058538006,
    1228069.058538006,
    1223069.058538006,
    1248930.1838390352,
    1243930.1838390352,
    1262964.9401808819,
    1283167.3515926064,
    1274773.9224485648,
    1269773.9224485648,
    1264773.9224485648,
    1259773.9224485648,
    1254773.9224485648,
    1263744.181482783,
    1258744.181482783,
    1253744.181482783,
    1248744.181482783,
    1243744.181482783,
    1238744.181482783,
    1233744.181482783,
    1228744.181482783,
    1235245.7015140867,
    1230245.7015140867,
    1241281.1961602329,
    1264781.808947639,
    1283143.3048361512,
    1278143.3048361512,
    1273143.3048361512,
    1268143.3048361512,
    1279585.569326192,
    1274585.569326192,
    1269585.569326192,
    1264585.569326192,
    1259585.569326192,
    1292907.2454089627,
    1287907.2454089627,
    1339926.993942878,
    1334926.993942878,
    1329926.993942878,
    1324926.993942878,
    1319926.993942878,
    1317673.8156457546,
    1312673.8156457546,
    1307673.8156457546,
    1302673.8156457546,
    1297673.8156457546,
    1292673.8156457546,
    1294461.7588363898,
    1289461.7588363898,
    1307698.0756039696,
    1302698.0756039696,
    1297698.0756039696,
    1292698.0756039696,
    1287698.0756039696,
    1282698.0756039696,
    1277698.0756039696,
    1278852.1256959818,
    1273852.1256959818,
    1285570.4391528845,
    1280570.4391528845,
    1275570.4391528845,
    1298018.354943774,
    1293018.354943774,
    1288018.354943774,
    1283018.354943774,
    1286360.6469980776,
    1281360.6469980776,
    1276360.6469980776,
    1271360.6469980776,
    1266360.6469980776,
    1261360.6469980776,
    1256360.6469980776,
    1261011.9808094136,
    1255704.2982559293,
    1255141.977276085,
    1250141.977276085,
    1263650.8613667474,
    1279823.0922134016,
    1274823.0922134016,
    1300494.652751671,
    1295494.652751671,
    1320400.4842248855,
    1315400.4842248855,
    1309134.1822972817,
    1304134.1822972817,
    1299134.1822972817,
    1294134.1822972817,
    1291288.3150939357,
    1286288.3150939357,
    1298007.8781365235,
    1293007.8781365235,
    1306450.9172727433,
    1301450.9172727433,
    1296450.9172727433,
    1291450.9172727433,
    1286450.9172727433,
    1281450.9172727433,
    1277156.6283516835,
    1272156.6283516835,
    1267156.6283516835,
    1262156.6283516835,
    1274024.9473066167,
    1303393.0873244153,
    1298393.0873244153,
    1293393.0873244153,
    1294344.6752868276,
    1289344.6752868276,
    1284344.6752868276,
    1279344.6752868276,
    1281431.2610920398,
    1276431.2610920398,
    1271431.2610920398,
    1282956.7506980977,
    1277956.7506980977,
    1272956.7506980977,
    1267956.7506980977,
    1262488.333746005,
    1279801.2020081712,
    1274801.2020081712,
    1285367.570298117,
    1280367.570298117,
    1275367.570298117,
    1274007.4544363953,
    1269007.4544363953,
    1264007.4544363953,
    1271342.7764570322,
    1266342.7764570322,
    1261342.7764570322,
    1256342.7764570322,
    1257908.3867095427,
    1252908.3867095427,
    1247908.3867095427,
    1242908.3867095427,
    1237908.3867095427,
    1259935.588945979,
    1254935.588945979,
    1249935.588945979,
    1251729.0045486947,
    1246729.0045486947,
    1241729.0045486947,
    1236729.0045486947,
    1248453.2422150034,
    1243453.2422150034,
    1238453.2422150034,
    1233453.2422150034,
    1230735.284952538,
    1229356.2359699814,
    1224356.2359699814,
    1219356.2359699814,
    1243382.641227244,
    1238382.641227244,
    1233382.641227244,
    1228382.641227244,
    1218314.0051797125,
    1213314.0051797125,
    1231344.0074309045,
    1226344.0074309045,
    1234051.4573128934,
    1248266.644734284,
    1266404.4702550296,
    1281894.0655329588,
    1288793.908067673,
    1283793.908067673,
    1278793.908067673,
    1275571.6566900816,
    1270571.6566900816,
    1265571.6566900816,
    1260571.6566900816,
    1255571.6566900816,
    1250571.6566900816,
    1245571.6566900816,
    1255165.230452386,
    1250165.230452386,
    1245165.230452386,
    1261722.7686822042,
    1258852.9566186331,
    1257893.1167280958,
    1256562.3630096628,
    1279395.9978938778,
    1290984.9119879704,
    1303819.281077406,
    1298819.281077406,
    1293819.281077406,
    1288819.281077406,
    1308185.8366698679,
    1324050.1461926727,
    1319050.1461926727,
    1328923.856825296,
    1323923.856825296,
    1318923.856825296,
    1313923.856825296,
    1348514.4548170029,
    1343514.4548170029,
    1364543.28419701,
    1359543.28419701,
    1357981.2932814725,
    1353782.6265255404,
    1348782.6265255404,
    1343782.6265255404,
    1338782.6265255404,
    1347360.8949122939,
    1351842.8277217732,
    1352519.9023667995,
    1347519.9023667995,
    1383881.5722781124,
    1378881.5722781124,
    1373881.5722781124,
    1366250.3827043644,
    1393395.6607817025,
    1396239.7250949233,
    1391239.7250949233,
    1386239.7250949233,
    1381239.7250949233,
    1376239.7250949233,
    1371239.7250949233,
    1366239.7250949233,
    1361239.7250949233,
    1367698.4506146896,
    1370674.4546244633,
    1368596.650102667,
    1377470.972626377,
    1372470.972626377,
    1367470.972626377,
    1362470.972626377,
    1357470.972626377,
    1352470.972626377,
    1347470.972626377,
    1342470.972626377,
    1337470.972626377,
    1332470.972626377,
    1333973.2911652243,
    1328973.2911652243,
    1323973.2911652243,
    1318973.2911652243,
    1313973.2911652243,
    1343307.8719693865,
    1338307.8719693865,
    1333307.8719693865,
    1376448.9739122111,
    1373380.633605377,
    1368380.633605377,
    1363380.633605377,
    1358380.633605377,
    1353380.633605377,
    1348380.633605377,
    1367758.1857442588,
    1362758.1857442588,
    1357758.1857442588,
    1352758.1857442588,
    1364288.4707584917,
    1359288.4707584917,
    1354288.4707584917,
    1364986.7702209537,
    1359986.7702209537,
    1354986.7702209537,
    1349986.7702209537,
    1363776.8427644288,
    1377201.2409986376,
    1377683.7966131722,
    1394640.6566369343,
    1389640.6566369343,
    1384640.6566369343,
    1379640.6566369343,
    1374640.6566369343,
    1390182.6942217818,
    1405981.6870581536,
    1400981.6870581536,
    1395981.6870581536,
    1460425.6851836133,
    1455425.6851836133,
    1450425.6851836133,
    1445425.6851836133,
    1459414.4596238774,
    1454414.4596238774,
    1474214.181058967,
    1469041.9685662643,
    1464041.9685662643,
    1478903.841923272,
    1473903.841923272,
    1485199.7748378601,
    1480199.7748378601,
    1476152.9689239564,
    1472351.3017906072,
    1467351.3017906072,
    1478189.6073480677,
    1482458.1448456903,
    1477458.1448456903,
    1478658.827338897,
    1473658.827338897,
    1482601.292746644,
    1477601.292746644,
    1472601.292746644,
    1473780.5881442046,
    1468780.5881442046,
    1469771.1673234685,
    1483236.850419962,
    1485484.51495603,
    1483526.5814482274,
    1482879.9756461466,
    1477879.9756461466,
    1476385.2216577404,
    1471385.2216577404,
    1479045.695191645,
