{
  "metrics": {
    "Variant": "0.50% stop, ATR\u00d73.0",
    "Capital_Risked": "5.0%",
    "Trades": 1248,
    "Win_rate_pct": 28.0,
    "Win_Loss_ratio": 3.0,
    "Cum_return_pct": 1431.0,
    "Max_DD_pct": 11.0,
    "Max_consec_losses": 25,
    "Max_consec_wins": 7,
    "Win_rate_30d_pct": 22.0,
    "Trades_30d": 27,
    "PnL_30d": -11335.0,
    "Win_rate_7d_pct": 0.0,
    "Trades_7d": 10,
    "PnL_7d": -50000.0,
    "Win_rate_3m_pct": 26.0,
    "Trades_3m": 43,
    "PnL_3m": -16385.0
  },
  "live_position": null,
  "equity_curve": [
    1175805.5439543438,
    1172887.7568955875,
    1163491.244904627,
    1158491.244904627,
    1153491.244904627,
    1148491.244904627,
    1162065.2308937057,
    1157065.2308937057,
    1159297.1530307005,
    1154297.1530307005,
    1151726.6816813473,
    1165584.7471627332,
    1160584.7471627332,
    1155584.7471627332,
    1166468.9307911724,
    1161468.9307911724,
    1170606.2348280884,
    1186441.7987552558,
    1181441.7987552558,
    1176441.7987552558,
    1176343.6633283666,
    1171343.6633283666,
    1166343.6633283666,
    1161343.6633283666,
    1156343.6633283666,
    1151343.6633283666,
    1146343.6633283666,
    1155503.4864490237,
    1150503.4864490237,
    1163475.582460561,
    1158475.582460561,
    1159686.6579951763,
    1181149.7067594368,
    1176149.7067594368,
    1171149.7067594368,
    1176731.6754158905,
    1171731.6754158905,
    1166731.6754158905,
    1161731.6754158905,
    1187592.8007169198,
    1182592.8007169198,
    1201627.5570587665,
    1221829.968470491,
    1213436.5393264494,
    1208436.5393264494,
    1203436.5393264494,
    1198436.5393264494,
    1193436.5393264494,
    1202406.7983606677,
    1197406.7983606677,
    1192406.7983606677,
    1187406.7983606677,
    1182406.7983606677,
    1177406.7983606677,
    1172406.7983606677,
    1167406.7983606677,
    1173908.3183919713,
    1168908.3183919713,
    1179943.8130381175,
    1203444.4258255237,
    1221805.9217140358,
    1216805.9217140358,
    1211805.9217140358,
    1206805.9217140358,
    1218248.1862040765,
    1213248.1862040765,
    1208248.1862040765,
    1203248.1862040765,
    1198248.1862040765,
    1231569.8622868473,
    1226569.8622868473,
    1278589.6108207626,
    1273589.6108207626,
    1268589.6108207626,
    1263589.6108207626,
    1258589.6108207626,
    1256336.4325236392,
    1251336.4325236392,
    1246336.4325236392,
    1241336.4325236392,
    1236336.4325236392,
    1231336.4325236392,
    1233124.3757142744,
    1228124.3757142744,
    1246360.6924818542,
    1241360.6924818542,
    1236360.6924818542,
    1231360.6924818542,
    1226360.6924818542,
    1221360.6924818542,
    1221344.2572776468,
    1222498.307369659,
    1217498.307369659,
    1229216.6208265617,
    1224216.6208265617,
    1219216.6208265617,
    1241664.536617451,
    1236664.536617451,
    1231664.536617451,
    1226664.536617451,
    1230006.8286717548,
    1225006.8286717548,
    1220006.8286717548,
    1215006.8286717548,
    1210006.8286717548,
    1205006.8286717548,
    1200006.8286717548,
    1204658.1624830908,
    1199350.4799296064,
    1198788.1589497621,
    1193788.1589497621,
    1207297.0430404246,
    1223469.2738870787,
    1218469.2738870787,
    1244140.834425348,
    1239140.834425348,
    1264046.6658985626,
    1259046.6658985626,
    1252780.3639709589,
    1247780.3639709589,
    1242780.3639709589,
    1237780.3639709589,
    1234934.4967676129,
    1229934.4967676129,
    1241654.0598102007,
    1236654.0598102007,
    1250097.0989464205,
    1245097.0989464205,
    1240097.0989464205,
    1235097.0989464205,
    1230097.0989464205,
    1225097.0989464205,
    1220802.8100253607,
    1215802.8100253607,
    1210802.8100253607,
    1205802.8100253607,
    1217671.1289802939,
    1247039.2689980925,
    1242039.2689980925,
    1237039.2689980925,
    1237990.8569605048,
    1232990.8569605048,
    1227990.8569605048,
    1222990.8569605048,
    1227915.564322119,
    1222915.564322119,
    1217915.564322119,
    1229441.053928177,
    1224441.053928177,
    1219441.053928177,
    1214441.053928177,
    1208972.6369760844,
    1226285.5052382506,
    1221285.5052382506,
    1231851.8735281962,
    1226851.8735281962,
    1221851.8735281962,
    1220491.7576664747,
    1215491.7576664747,
    1210491.7576664747,
    1217827.0796871115,
    1212827.0796871115,
    1207827.0796871115,
    1202827.0796871115,
    1204392.689939622,
    1199392.689939622,
    1194392.689939622,
    1189392.689939622,
    1184392.689939622,
    1206419.8921760584,
    1201419.8921760584,
    1196419.8921760584,
    1198213.307778774,
    1193213.307778774,
    1188213.307778774,
    1183213.307778774,
    1194937.5454450827,
    1189937.5454450827,
    1184937.5454450827,
    1179937.5454450827,
    1177219.5881826174,
    1175840.5392000608,
    1170840.5392000608,
    1165840.5392000608,
    1189866.9444573233,
    1184866.9444573233,
    1179866.9444573233,
    1174866.9444573233,
    1164798.308409792,
    1159798.308409792,
    1177828.310660984,
    1172828.310660984,
    1180535.7605429727,
    1194750.9479643633,
    1212888.773485109,
    1228378.3687630382,
    1235278.2112977523,
    1230278.2112977523,
    1225278.2112977523,
    1222055.959920161,
    1217055.959920161,
    1212055.959920161,
    1207055.959920161,
    1202055.959920161,
    1197055.959920161,
    1192055.959920161,
    1201649.5336824653,
    1196649.5336824653,
    1191649.5336824653,
    1208207.0719122835,
    1205337.2598487125,
    1204377.4199581752,
    1203046.6662397422,
    1225880.3011239571,
    1237469.2152180497,
    1250303.5843074853,
    1245303.5843074853,
    1240303.5843074853,
    1235303.5843074853,
    1254670.1398999472,
    1270534.449422752,
    1265534.449422752,
    1275408.1600553754,
    1270408.1600553754,
    1265408.1600553754,
    1260408.1600553754,
    1294998.7580470822,
    1289998.7580470822,
    1311027.5874270895,
    1306027.5874270895,
    1304465.5965115519,
    1300266.9297556197,
    1295266.9297556197,
    1290266.9297556197,
    1285266.9297556197,
    1293845.1981423732,
    1298327.1309518525,
    1299004.205596879,
    1294004.205596879,
    1330365.8755081918,
    1325365.8755081918,
    1320365.8755081918,
    1312734.6859344437,
    1339879.9640117818,
    1342724.0283250026,
    1337724.0283250026,
    1332724.0283250026,
    1327724.0283250026,
    1322724.0283250026,
    1317724.0283250026,
    1312724.0283250026,
    1307724.0283250026,
    1314182.753844769,
    1317158.7578545427,
    1315080.9533327464,
    1323955.2758564563,
    1318955.2758564563,
    1313955.2758564563,
    1308955.2758564563,
    1303955.2758564563,
    1298955.2758564563,
    1293955.2758564563,
    1288955.2758564563,
    1283955.2758564563,
    1278955.2758564563,
    1280457.5943953036,
    1275457.5943953036,
    1270457.5943953036,
    1265457.5943953036,
    1260457.5943953036,
    1289792.1751994658,
    1284792.1751994658,
    1279792.1751994658,
    1322933.2771422905,
    1319864.9368354564,
    1314864.9368354564,
    1309864.9368354564,
    1304864.9368354564,
    1299864.9368354564,
    1294864.9368354564,
    1314242.4889743382,
    1309242.4889743382,
    1304242.4889743382,
    1299242.4889743382,
    1310772.773988571,
    1305772.773988571,
    1300772.773988571,
    1311471.073451033,
    1306471.073451033,
    1301471.073451033,
    1296471.073451033,
    1310261.1459945082,
    1323685.544228717,
    1324168.0998432515,
    1341124.9598670136,
    1336124.9598670136,
    1331124.9598670136,
    1326124.9598670136,
    1321124.9598670136,
    1336666.9974518612,
    1352465.990288233,
    1347465.990288233,
    1342465.990288233,
    1406909.9884136927,
    1401909.9884136927,
    1396909.9884136927,
    1391909.9884136927,
    1405898.7628539568,
    1400898.7628539568,
    1420698.4842890464,
    1415526.2717963436,
    1410526.2717963436,
    1425388.1451533514,
