{
  "metrics": {
    "Variant": "0.50% stop, ATR\u00d73.0",
    "Capital_Risked": "5.0%",
    "Trades": 1258,
    "Win_rate_pct": 28.0,
    "Win_Loss_ratio": 3.0,
    "Cum_return_pct": 1467.0,
    "Max_DD_pct": 11.0,
    "Max_consec_losses": 24,
    "Max_consec_wins": 6,
    "Win_rate_30d_pct": 20.0,
    "Trades_30d": 35,
    "PnL_30d": -10370.0,
    "Win_rate_7d_pct": 29.0,
    "Trades_7d": 7,
    "PnL_7d": 5719.0,
    "Win_rate_3m_pct": 26.0,
    "Trades_3m": 62,
    "PnL_3m": -18527.0
  },
  "live_position": null,
  "equity_curve": [
    1222779.1818773712,
    1222681.046450482,
    1217681.046450482,
    1212681.046450482,
    1207681.046450482,
    1202681.046450482,
    1197681.046450482,
    1192681.046450482,
    1201840.869571139,
    1196840.869571139,
    1209812.9655826765,
    1204812.9655826765,
    1206024.0411172917,
    1227487.0898815522,
    1222487.0898815522,
    1217487.0898815522,
    1223069.058538006,
    1218069.058538006,
    1213069.058538006,
    1208069.058538006,
    1233930.1838390352,
    1228930.1838390352,
    1247964.9401808819,
    1268167.3515926064,
    1259773.9224485648,
    1254773.9224485648,
    1249773.9224485648,
    1244773.9224485648,
    1239773.9224485648,
    1248744.181482783,
    1243744.181482783,
    1238744.181482783,
    1233744.181482783,
    1228744.181482783,
    1223744.181482783,
    1218744.181482783,
    1213744.181482783,
    1220245.7015140867,
    1215245.7015140867,
    1226281.1961602329,
    1249781.808947639,
    1268143.3048361512,
    1263143.3048361512,
    1258143.3048361512,
    1253143.3048361512,
    1264585.569326192,
    1259585.569326192,
    1254585.569326192,
    1249585.569326192,
    1244585.569326192,
    1277907.2454089627,
    1272907.2454089627,
    1324926.993942878,
    1319926.993942878,
    1314926.993942878,
    1309926.993942878,
    1304926.993942878,
    1302673.8156457546,
    1297673.8156457546,
    1292673.8156457546,
    1287673.8156457546,
    1282673.8156457546,
    1277673.8156457546,
    1279461.7588363898,
    1274461.7588363898,
    1292698.0756039696,
    1287698.0756039696,
    1282698.0756039696,
    1277698.0756039696,
    1272698.0756039696,
    1267698.0756039696,
    1262698.0756039696,
    1263852.1256959818,
    1258852.1256959818,
    1270570.4391528845,
    1265570.4391528845,
    1260570.4391528845,
    1283018.354943774,
    1278018.354943774,
    1273018.354943774,
    1268018.354943774,
    1271360.6469980776,
    1266360.6469980776,
    1261360.6469980776,
    1256360.6469980776,
    1251360.6469980776,
    1246360.6469980776,
    1241360.6469980776,
    1246011.9808094136,
    1240704.2982559293,
    1240141.977276085,
    1235141.977276085,
    1248650.8613667474,
    1264823.0922134016,
    1259823.0922134016,
    1285494.652751671,
    1280494.652751671,
    1305400.4842248855,
    1300400.4842248855,
    1294134.1822972817,
    1289134.1822972817,
    1284134.1822972817,
    1279134.1822972817,
    1276288.3150939357,
    1271288.3150939357,
    1283007.8781365235,
    1278007.8781365235,
    1291450.9172727433,
    1286450.9172727433,
    1281450.9172727433,
    1276450.9172727433,
    1271450.9172727433,
    1266450.9172727433,
    1262156.6283516835,
    1257156.6283516835,
    1252156.6283516835,
    1247156.6283516835,
    1259024.9473066167,
    1288393.0873244153,
    1283393.0873244153,
    1278393.0873244153,
    1279344.6752868276,
    1274344.6752868276,
    1269344.6752868276,
    1264344.6752868276,
    1266431.2610920398,
    1261431.2610920398,
    1256431.2610920398,
    1267956.7506980977,
    1262956.7506980977,
    1257956.7506980977,
    1252956.7506980977,
    1247488.333746005,
    1264801.2020081712,
    1259801.2020081712,
    1270367.570298117,
    1265367.570298117,
    1260367.570298117,
    1259007.4544363953,
    1254007.4544363953,
    1249007.4544363953,
    1256342.7764570322,
    1251342.7764570322,
    1246342.7764570322,
    1241342.7764570322,
    1242908.3867095427,
    1237908.3867095427,
    1232908.3867095427,
    1227908.3867095427,
    1222908.3867095427,
    1244935.588945979,
    1239935.588945979,
    1234935.588945979,
    1236729.0045486947,
    1231729.0045486947,
    1226729.0045486947,
    1221729.0045486947,
    1233453.2422150034,
    1228453.2422150034,
    1223453.2422150034,
    1218453.2422150034,
    1215735.284952538,
    1214356.2359699814,
    1209356.2359699814,
    1204356.2359699814,
    1228382.641227244,
    1223382.641227244,
    1218382.641227244,
    1213382.641227244,
    1203314.0051797125,
    1198314.0051797125,
    1216344.0074309045,
    1211344.0074309045,
    1219051.4573128934,
    1233266.644734284,
    1251404.4702550296,
    1266894.0655329588,
    1273793.908067673,
    1268793.908067673,
    1263793.908067673,
    1260571.6566900816,
    1255571.6566900816,
    1250571.6566900816,
    1245571.6566900816,
    1240571.6566900816,
    1235571.6566900816,
    1230571.6566900816,
    1240165.230452386,
    1235165.230452386,
    1230165.230452386,
    1246722.7686822042,
    1243852.9566186331,
    1242893.1167280958,
    1241562.3630096628,
    1264395.9978938778,
    1275984.9119879704,
    1288819.281077406,
    1283819.281077406,
    1278819.281077406,
    1273819.281077406,
    1293185.8366698679,
    1309050.1461926727,
    1304050.1461926727,
    1313923.856825296,
    1308923.856825296,
    1303923.856825296,
    1298923.856825296,
    1333514.4548170029,
    1328514.4548170029,
    1349543.28419701,
    1344543.28419701,
    1342981.2932814725,
    1338782.6265255404,
    1333782.6265255404,
    1328782.6265255404,
    1323782.6265255404,
    1332360.8949122939,
    1336842.8277217732,
    1337519.9023667995,
    1332519.9023667995,
    1368881.5722781124,
    1363881.5722781124,
    1358881.5722781124,
    1351250.3827043644,
    1378395.6607817025,
    1381239.7250949233,
    1376239.7250949233,
    1371239.7250949233,
    1366239.7250949233,
    1361239.7250949233,
    1356239.7250949233,
    1351239.7250949233,
    1346239.7250949233,
    1352698.4506146896,
    1355674.4546244633,
    1353596.650102667,
    1362470.972626377,
    1357470.972626377,
    1352470.972626377,
    1347470.972626377,
    1342470.972626377,
    1337470.972626377,
    1332470.972626377,
    1327470.972626377,
    1322470.972626377,
    1317470.972626377,
    1318973.2911652243,
    1313973.2911652243,
    1308973.2911652243,
    1303973.2911652243,
    1298973.2911652243,
    1328307.8719693865,
    1323307.8719693865,
    1318307.8719693865,
    1361448.9739122111,
    1358380.633605377,
    1353380.633605377,
    1348380.633605377,
    1343380.633605377,
    1338380.633605377,
    1333380.633605377,
    1352758.1857442588,
    1347758.1857442588,
    1342758.1857442588,
    1337758.1857442588,
    1349288.4707584917,
    1344288.4707584917,
    1339288.4707584917,
    1349986.7702209537,
    1344986.7702209537,
    1339986.7702209537,
    1334986.7702209537,
    1348776.8427644288,
    1362201.2409986376,
    1362683.7966131722,
    1379640.6566369343,
    1374640.6566369343,
    1369640.6566369343,
    1364640.6566369343,
    1359640.6566369343,
    1375182.6942217818,
    1390981.6870581536,
    1385981.6870581536,
    1380981.6870581536,
    1445425.6851836133,
    1440425.6851836133,
    1435425.6851836133,
    1430425.6851836133,
    1444414.4596238774,
    1439414.4596238774,
    1459214.181058967,
    1454041.9685662643,
    1449041.9685662643,
    1463903.841923272,
    1458903.841923272,
    1470199.7748378601,
    1465199.7748378601,
    1461152.9689239564,
    1457351.3017906072,
    1452351.3017906072,
    1463189.6073480677,
    1467458.1448456903,
    1462458.1448456903,
    1463658.827338897,
    1458658.827338897,
    1467601.292746644,
    1462601.292746644,
    1457601.292746644,
    1458780.5881442046,
    1453780.5881442046,
    1454771.1673234685,
    1468236.850419962,
    1470484.51495603,
    1468526.5814482274,
