{
  "metrics": {
    "Variant": "0.50% stop, ATR\u00d73.0",
    "Capital_Risked": "5.0%",
    "Trades": 1246,
    "Win_rate_pct": 28.0,
    "Win_Loss_ratio": 3.0,
    "Cum_return_pct": 1475.0,
    "Max_DD_pct": 11.0,
    "Max_consec_losses": 25,
    "Max_consec_wins": 7,
    "Win_rate_30d_pct": 28.0,
    "Trades_30d": 25,
    "PnL_30d": 5450.0,
    "Win_rate_7d_pct": 20.0,
    "Trades_7d": 10,
    "PnL_7d": 17799.0,
    "Win_rate_3m_pct": 28.0,
    "Trades_3m": 39,
    "PnL_3m": 3615.0
  },
  "live_position": null,
  "equity_curve": [
    1208156.57737586,
    1212601.6937955758,
    1209812.8551157254,
    1205091.7291942125,
    1200091.7291942125,
    1197173.9421354563,
    1187777.4301444958,
    1182777.4301444958,
    1177777.4301444958,
    1172777.4301444958,
    1186351.4161335744,
    1181351.4161335744,
    1183583.3382705692,
    1178583.3382705692,
    1176012.866921216,
    1189870.932402602,
    1184870.932402602,
    1179870.932402602,
    1190755.1160310411,
    1185755.1160310411,
    1194892.4200679571,
    1210727.9839951245,
    1205727.9839951245,
    1200727.9839951245,
    1200629.8485682353,
    1195629.8485682353,
    1190629.8485682353,
    1185629.8485682353,
    1180629.8485682353,
    1175629.8485682353,
    1170629.8485682353,
    1179789.6716888924,
    1174789.6716888924,
    1187761.7677004298,
    1182761.7677004298,
    1183972.843235045,
    1205435.8919993055,
    1200435.8919993055,
    1195435.8919993055,
    1201017.8606557592,
    1196017.8606557592,
    1191017.8606557592,
    1186017.8606557592,
    1211878.9859567885,
    1206878.9859567885,
    1225913.7422986352,
    1246116.1537103597,
    1237722.724566318,
    1232722.724566318,
    1227722.724566318,
    1222722.724566318,
    1217722.724566318,
    1226692.9836005364,
    1221692.9836005364,
    1216692.9836005364,
    1211692.9836005364,
    1206692.9836005364,
    1201692.9836005364,
    1196692.9836005364,
    1191692.9836005364,
    1198194.50363184,
    1193194.50363184,
    1204229.9982779862,
    1227730.6110653924,
    1246092.1069539045,
    1241092.1069539045,
    1236092.1069539045,
    1231092.1069539045,
    1242534.3714439452,
    1237534.3714439452,
    1232534.3714439452,
    1227534.3714439452,
    1222534.3714439452,
    1255856.047526716,
    1250856.047526716,
    1302875.7960606313,
    1297875.7960606313,
    1292875.7960606313,
    1287875.7960606313,
    1282875.7960606313,
    1280622.6177635079,
    1275622.6177635079,
    1270622.6177635079,
    1265622.6177635079,
    1260622.6177635079,
    1255622.6177635079,
    1257410.560954143,
    1252410.560954143,
    1270646.877721723,
    1265646.877721723,
    1260646.877721723,
    1255646.877721723,
    1250646.877721723,
    1245646.877721723,
    1245630.4425175155,
    1246784.4926095277,
    1241784.4926095277,
    1253502.8060664304,
    1248502.8060664304,
    1243502.8060664304,
    1265950.7218573198,
    1260950.7218573198,
    1255950.7218573198,
    1250950.7218573198,
    1254293.0139116235,
    1249293.0139116235,
    1244293.0139116235,
    1239293.0139116235,
    1234293.0139116235,
    1229293.0139116235,
    1224293.0139116235,
    1228944.3477229595,
    1223636.6651694751,
    1223074.3441896308,
    1218074.3441896308,
    1231583.2282802933,
    1247755.4591269474,
    1242755.4591269474,
    1268427.0196652168,
    1263427.0196652168,
    1288332.8511384313,
    1283332.8511384313,
    1277066.5492108276,
    1272066.5492108276,
    1267066.5492108276,
    1262066.5492108276,
    1259220.6820074816,
    1254220.6820074816,
    1265940.2450500694,
    1260940.2450500694,
    1274383.2841862892,
    1269383.2841862892,
    1264383.2841862892,
    1259383.2841862892,
    1254383.2841862892,
    1249383.2841862892,
    1245088.9952652294,
    1240088.9952652294,
    1235088.9952652294,
    1230088.9952652294,
    1241957.3142201626,
    1271325.4542379612,
    1266325.4542379612,
    1261325.4542379612,
    1262277.0422003735,
    1257277.0422003735,
    1252277.0422003735,
    1247277.0422003735,
    1252201.7495619878,
    1247201.7495619878,
    1242201.7495619878,
    1253727.2391680458,
    1248727.2391680458,
    1243727.2391680458,
    1238727.2391680458,
    1233258.8222159531,
    1250571.6904781193,
    1245571.6904781193,
    1256138.058768065,
    1251138.058768065,
    1246138.058768065,
    1244777.9429063434,
    1239777.9429063434,
    1234777.9429063434,
    1242113.2649269802,
    1237113.2649269802,
    1232113.2649269802,
    1227113.2649269802,
    1228678.8751794908,
    1223678.8751794908,
    1218678.8751794908,
    1213678.8751794908,
    1208678.8751794908,
    1230706.077415927,
    1225706.077415927,
    1220706.077415927,
    1222499.4930186428,
    1217499.4930186428,
    1212499.4930186428,
    1207499.4930186428,
    1219223.7306849514,
    1214223.7306849514,
    1209223.7306849514,
    1204223.7306849514,
    1201505.7734224861,
    1200126.7244399295,
    1195126.7244399295,
    1190126.7244399295,
    1214153.129697192,
    1209153.129697192,
    1204153.129697192,
    1199153.129697192,
    1189084.4936496606,
    1184084.4936496606,
    1202114.4959008526,
    1197114.4959008526,
    1204821.9457828414,
    1219037.133204232,
    1237174.9587249777,
    1252664.554002907,
    1259564.396537621,
    1254564.396537621,
    1249564.396537621,
    1246342.1451600296,
    1241342.1451600296,
    1236342.1451600296,
    1231342.1451600296,
    1226342.1451600296,
    1221342.1451600296,
    1216342.1451600296,
    1225935.718922334,
    1220935.718922334,
    1215935.718922334,
    1232493.2571521522,
    1229623.4450885812,
    1228663.6051980439,
    1227332.851479611,
    1250166.4863638259,
    1261755.4004579184,
    1274589.769547354,
    1269589.769547354,
    1264589.769547354,
    1259589.769547354,
    1278956.325139816,
    1294820.6346626207,
    1289820.6346626207,
    1299694.3452952441,
    1294694.3452952441,
    1289694.3452952441,
    1284694.3452952441,
    1319284.943286951,
    1314284.943286951,
    1335313.7726669582,
    1330313.7726669582,
    1328751.7817514206,
    1324553.1149954884,
    1319553.1149954884,
    1314553.1149954884,
    1309553.1149954884,
    1318131.383382242,
    1322613.3161917212,
    1323290.3908367476,
    1318290.3908367476,
    1354652.0607480605,
    1349652.0607480605,
    1344652.0607480605,
    1337020.8711743124,
    1364166.1492516506,
    1367010.2135648713,
    1362010.2135648713,
    1357010.2135648713,
    1352010.2135648713,
    1347010.2135648713,
    1342010.2135648713,
    1337010.2135648713,
    1332010.2135648713,
    1338468.9390846377,
    1341444.9430944114,
    1339367.138572615,
    1348241.461096325,
    1343241.461096325,
    1338241.461096325,
    1333241.461096325,
    1328241.461096325,
    1323241.461096325,
    1318241.461096325,
    1313241.461096325,
    1308241.461096325,
    1303241.461096325,
    1304743.7796351723,
    1299743.7796351723,
    1294743.7796351723,
    1289743.7796351723,
    1284743.7796351723,
    1314078.3604393345,
    1309078.3604393345,
    1304078.3604393345,
    1347219.4623821592,
    1344151.122075325,
    1339151.122075325,
    1334151.122075325,
    1329151.122075325,
    1324151.122075325,
    1319151.122075325,
    1338528.6742142069,
    1333528.6742142069,
    1328528.6742142069,
    1323528.6742142069,
    1335058.9592284397,
    1330058.9592284397,
    1325058.9592284397,
    1335757.2586909018,
    1330757.2586909018,
    1325757.2586909018,
    1320757.2586909018,
    1334547.3312343769,
    1347971.7294685857,
    1348454.2850831202,
    1365411.1451068823,
    1360411.1451068823,
    1355411.1451068823,
    1350411.1451068823,
    1345411.1451068823,
    1360953.1826917299,
    1376752.1755281016,
    1371752.1755281016,
    1366752.1755281016,
    1431196.1736535614,
    1426196.1736535614,
    1421196.1736535614,
    1416196.1736535614,
    1430184.9480938255,
    1425184.9480938255,
