{
  "metrics": {
    "Variant": "0.50% stop, ATR\u00d73.0",
    "Capital_Risked": "5.0%",
    "Trades": 1248,
    "Win_rate_pct": 28.0,
    "Win_Loss_ratio": 3.0,
    "Cum_return_pct": 1431.0,
    "Max_DD_pct": 12.0,
    "Max_consec_losses": 25,
    "Max_consec_wins": 7,
    "Win_rate_30d_pct": 26.0,
    "Trades_30d": 27,
    "PnL_30d": -4550.0,
    "Win_rate_7d_pct": 9.0,
    "Trades_7d": 11,
    "PnL_7d": -33424.0,
    "Win_rate_3m_pct": 26.0,
    "Trades_3m": 42,
    "PnL_3m": -11385.0
  },
  "live_position": null,
  "equity_curve": [
    1175805.5439543438,
    1170805.5439543438,
    1167887.7568955875,
    1158491.244904627,
    1153491.244904627,
    1148491.244904627,
    1143491.244904627,
    1157065.2308937057,
    1152065.2308937057,
    1154297.1530307005,
    1149297.1530307005,
    1146726.6816813475,
    1160584.7471627332,
    1155584.7471627332,
    1150584.7471627332,
    1161468.9307911724,
    1156468.9307911724,
    1165606.2348280884,
    1181441.7987552558,
    1176441.7987552558,
    1171441.7987552558,
    1171343.6633283666,
    1166343.6633283666,
    1161343.6633283666,
    1156343.6633283666,
    1151343.6633283666,
    1146343.6633283666,
    1141343.6633283666,
    1150503.4864490237,
    1145503.4864490237,
    1158475.582460561,
    1153475.582460561,
    1154686.6579951763,
    1176149.7067594368,
    1171149.7067594368,
    1166149.7067594368,
    1171731.6754158905,
    1166731.6754158905,
    1161731.6754158905,
    1156731.6754158905,
    1182592.8007169198,
    1177592.8007169198,
    1196627.5570587665,
    1216829.968470491,
    1208436.5393264494,
    1203436.5393264494,
    1198436.5393264494,
    1193436.5393264494,
    1188436.5393264494,
    1197406.7983606677,
    1192406.7983606677,
    1187406.7983606677,
    1182406.7983606677,
    1177406.7983606677,
    1172406.7983606677,
    1167406.7983606677,
    1162406.7983606677,
    1168908.3183919713,
    1163908.3183919713,
    1174943.8130381175,
    1198444.4258255237,
    1216805.9217140358,
    1211805.9217140358,
    1206805.9217140358,
    1201805.9217140358,
    1213248.1862040765,
    1208248.1862040765,
    1203248.1862040765,
    1198248.1862040765,
    1193248.1862040765,
    1226569.8622868473,
    1221569.8622868473,
    1273589.6108207626,
    1268589.6108207626,
    1263589.6108207626,
    1258589.6108207626,
    1253589.6108207626,
    1251336.4325236392,
    1246336.4325236392,
    1241336.4325236392,
    1236336.4325236392,
    1231336.4325236392,
    1226336.4325236392,
    1228124.3757142744,
    1223124.3757142744,
    1241360.6924818542,
    1236360.6924818542,
    1231360.6924818542,
    1226360.6924818542,
    1221360.6924818542,
    1216360.6924818542,
    1216344.2572776468,
    1217498.307369659,
    1212498.307369659,
    1224216.6208265617,
    1219216.6208265617,
    1214216.6208265617,
    1236664.536617451,
    1231664.536617451,
    1226664.536617451,
    1221664.536617451,
    1225006.8286717548,
    1220006.8286717548,
    1215006.8286717548,
    1210006.8286717548,
    1205006.8286717548,
    1200006.8286717548,
    1195006.8286717548,
    1199658.1624830908,
    1194350.4799296064,
    1193788.1589497621,
    1188788.1589497621,
    1202297.0430404246,
    1218469.2738870787,
    1213469.2738870787,
    1239140.834425348,
    1234140.834425348,
    1259046.6658985626,
    1254046.6658985626,
    1247780.3639709589,
    1242780.3639709589,
    1237780.3639709589,
    1232780.3639709589,
    1229934.4967676129,
    1224934.4967676129,
    1236654.0598102007,
    1231654.0598102007,
    1245097.0989464205,
    1240097.0989464205,
    1235097.0989464205,
    1230097.0989464205,
    1225097.0989464205,
    1220097.0989464205,
    1215802.8100253607,
    1210802.8100253607,
    1205802.8100253607,
    1200802.8100253607,
    1212671.1289802939,
    1242039.2689980925,
    1237039.2689980925,
    1232039.2689980925,
    1232990.8569605048,
    1227990.8569605048,
    1222990.8569605048,
    1217990.8569605048,
    1222915.564322119,
    1217915.564322119,
    1212915.564322119,
    1224441.053928177,
    1219441.053928177,
    1214441.053928177,
    1209441.053928177,
    1203972.6369760844,
    1221285.5052382506,
    1216285.5052382506,
    1226851.8735281962,
    1221851.8735281962,
    1216851.8735281962,
    1215491.7576664747,
    1210491.7576664747,
    1205491.7576664747,
    1212827.0796871115,
    1207827.0796871115,
    1202827.0796871115,
    1197827.0796871115,
    1199392.689939622,
    1194392.689939622,
    1189392.689939622,
    1184392.689939622,
    1179392.689939622,
    1201419.8921760584,
    1196419.8921760584,
    1191419.8921760584,
    1193213.307778774,
    1188213.307778774,
    1183213.307778774,
    1178213.307778774,
    1189937.5454450827,
    1184937.5454450827,
    1179937.5454450827,
    1174937.5454450827,
    1172219.5881826174,
    1170840.5392000608,
    1165840.5392000608,
    1160840.5392000608,
    1184866.9444573233,
    1179866.9444573233,
    1174866.9444573233,
    1169866.9444573233,
    1159798.308409792,
    1154798.308409792,
    1172828.310660984,
    1167828.310660984,
    1175535.7605429727,
    1189750.9479643633,
    1207888.773485109,
    1223378.3687630382,
    1230278.2112977523,
    1225278.2112977523,
    1220278.2112977523,
    1217055.959920161,
    1212055.959920161,
    1207055.959920161,
    1202055.959920161,
    1197055.959920161,
    1192055.959920161,
    1187055.959920161,
    1196649.5336824653,
    1191649.5336824653,
    1186649.5336824653,
    1203207.0719122835,
    1200337.2598487125,
    1199377.4199581752,
    1198046.6662397422,
    1220880.3011239571,
    1232469.2152180497,
    1245303.5843074853,
    1240303.5843074853,
    1235303.5843074853,
    1230303.5843074853,
    1249670.1398999472,
    1265534.449422752,
    1260534.449422752,
    1270408.1600553754,
    1265408.1600553754,
    1260408.1600553754,
    1255408.1600553754,
    1289998.7580470822,
    1284998.7580470822,
    1306027.5874270895,
    1301027.5874270895,
    1299465.5965115519,
    1295266.9297556197,
    1290266.9297556197,
    1285266.9297556197,
    1280266.9297556197,
    1288845.1981423732,
    1293327.1309518525,
    1294004.205596879,
    1289004.205596879,
    1325365.8755081918,
    1320365.8755081918,
    1315365.8755081918,
    1307734.6859344437,
    1334879.9640117818,
    1337724.0283250026,
    1332724.0283250026,
    1327724.0283250026,
    1322724.0283250026,
    1317724.0283250026,
    1312724.0283250026,
    1307724.0283250026,
    1302724.0283250026,
    1309182.753844769,
    1312158.7578545427,
    1310080.9533327464,
    1318955.2758564563,
    1313955.2758564563,
    1308955.2758564563,
    1303955.2758564563,
    1298955.2758564563,
    1293955.2758564563,
    1288955.2758564563,
    1283955.2758564563,
    1278955.2758564563,
    1273955.2758564563,
    1275457.5943953036,
    1270457.5943953036,
    1265457.5943953036,
    1260457.5943953036,
    1255457.5943953036,
    1284792.1751994658,
    1279792.1751994658,
    1274792.1751994658,
    1317933.2771422905,
    1314864.9368354564,
    1309864.9368354564,
    1304864.9368354564,
    1299864.9368354564,
    1294864.9368354564,
    1289864.9368354564,
    1309242.4889743382,
    1304242.4889743382,
    1299242.4889743382,
    1294242.4889743382,
    1305772.773988571,
    1300772.773988571,
    1295772.773988571,
    1306471.073451033,
    1301471.073451033,
    1296471.073451033,
    1291471.073451033,
    1305261.1459945082,
    1318685.544228717,
    1319168.0998432515,
    1336124.9598670136,
    1331124.9598670136,
    1326124.9598670136,
    1321124.9598670136,
    1316124.9598670136,
    1331666.9974518612,
    1347465.990288233,
    1342465.990288233,
    1337465.990288233,
    1401909.9884136927,
    1396909.9884136927,
    1391909.9884136927,
    1386909.9884136927,
    1400898.7628539568,
    1395898.7628539568,
    1415698.4842890464,
    1410526.2717963436,
    1405526.2717963436,
