{
  "metrics": {
    "Variant": "0.50% stop, ATR\u00d73.0",
    "Capital_Risked": "5.0%",
    "Trades": 1255,
    "Win_rate_pct": 28.0,
    "Win_Loss_ratio": 3.0,
    "Cum_return_pct": 1441.0,
    "Max_DD_pct": 11.0,
    "Max_consec_losses": 25,
    "Max_consec_wins": 6,
    "Win_rate_30d_pct": 22.0,
    "Trades_30d": 36,
    "PnL_30d": -20276.0,
    "Win_rate_7d_pct": 10.0,
    "Trades_7d": 10,
    "PnL_7d": -14938.0,
    "Win_rate_3m_pct": 25.0,
    "Trades_3m": 56,
    "PnL_3m": -29247.0
  },
  "live_position": null,
  "equity_curve": [
    1186922.1302848486,
    1197806.3139132878,
    1192806.3139132878,
    1201943.6179502038,
    1217779.1818773712,
    1212779.1818773712,
    1207779.1818773712,
    1207681.046450482,
    1202681.046450482,
    1197681.046450482,
    1192681.046450482,
    1187681.046450482,
    1182681.046450482,
    1177681.046450482,
    1186840.869571139,
    1181840.869571139,
    1194812.9655826765,
    1189812.9655826765,
    1191024.0411172917,
    1212487.0898815522,
    1207487.0898815522,
    1202487.0898815522,
    1208069.058538006,
    1203069.058538006,
    1198069.058538006,
    1193069.058538006,
    1218930.1838390352,
    1213930.1838390352,
    1232964.9401808819,
    1253167.3515926064,
    1244773.9224485648,
    1239773.9224485648,
    1234773.9224485648,
    1229773.9224485648,
    1224773.9224485648,
    1233744.181482783,
    1228744.181482783,
    1223744.181482783,
    1218744.181482783,
    1213744.181482783,
    1208744.181482783,
    1203744.181482783,
    1198744.181482783,
    1205245.7015140867,
    1200245.7015140867,
    1211281.1961602329,
    1234781.808947639,
    1253143.3048361512,
    1248143.3048361512,
    1243143.3048361512,
    1238143.3048361512,
    1249585.569326192,
    1244585.569326192,
    1239585.569326192,
    1234585.569326192,
    1229585.569326192,
    1262907.2454089627,
    1257907.2454089627,
    1309926.993942878,
    1304926.993942878,
    1299926.993942878,
    1294926.993942878,
    1289926.993942878,
    1287673.8156457546,
    1282673.8156457546,
    1277673.8156457546,
    1272673.8156457546,
    1267673.8156457546,
    1262673.8156457546,
    1264461.7588363898,
    1259461.7588363898,
    1277698.0756039696,
    1272698.0756039696,
    1267698.0756039696,
    1262698.0756039696,
    1257698.0756039696,
    1252698.0756039696,
    1247698.0756039696,
    1248852.1256959818,
    1243852.1256959818,
    1255570.4391528845,
    1250570.4391528845,
    1245570.4391528845,
    1268018.354943774,
    1263018.354943774,
    1258018.354943774,
    1253018.354943774,
    1256360.6469980776,
    1251360.6469980776,
    1246360.6469980776,
    1241360.6469980776,
    1236360.6469980776,
    1231360.6469980776,
    1226360.6469980776,
    1231011.9808094136,
    1225704.2982559293,
    1225141.977276085,
    1220141.977276085,
    1233650.8613667474,
    1249823.0922134016,
    1244823.0922134016,
    1270494.652751671,
    1265494.652751671,
    1290400.4842248855,
    1285400.4842248855,
    1279134.1822972817,
    1274134.1822972817,
    1269134.1822972817,
    1264134.1822972817,
    1261288.3150939357,
    1256288.3150939357,
    1268007.8781365235,
    1263007.8781365235,
    1276450.9172727433,
    1271450.9172727433,
    1266450.9172727433,
    1261450.9172727433,
    1256450.9172727433,
    1251450.9172727433,
    1247156.6283516835,
    1242156.6283516835,
    1237156.6283516835,
    1232156.6283516835,
    1244024.9473066167,
    1273393.0873244153,
    1268393.0873244153,
    1263393.0873244153,
    1264344.6752868276,
    1259344.6752868276,
    1254344.6752868276,
    1249344.6752868276,
    1251431.2610920398,
    1246431.2610920398,
    1241431.2610920398,
    1252956.7506980977,
    1247956.7506980977,
    1242956.7506980977,
    1237956.7506980977,
    1232488.333746005,
    1249801.2020081712,
    1244801.2020081712,
    1255367.570298117,
    1250367.570298117,
    1245367.570298117,
    1244007.4544363953,
    1239007.4544363953,
    1234007.4544363953,
    1241342.7764570322,
    1236342.7764570322,
    1231342.7764570322,
    1226342.7764570322,
    1227908.3867095427,
    1222908.3867095427,
    1217908.3867095427,
    1212908.3867095427,
    1207908.3867095427,
    1229935.588945979,
    1224935.588945979,
    1219935.588945979,
    1221729.0045486947,
    1216729.0045486947,
    1211729.0045486947,
    1206729.0045486947,
    1218453.2422150034,
    1213453.2422150034,
    1208453.2422150034,
    1203453.2422150034,
    1200735.284952538,
    1199356.2359699814,
    1194356.2359699814,
    1189356.2359699814,
    1213382.641227244,
    1208382.641227244,
    1203382.641227244,
    1198382.641227244,
    1188314.0051797125,
    1183314.0051797125,
    1201344.0074309045,
    1196344.0074309045,
    1204051.4573128934,
    1218266.644734284,
    1236404.4702550296,
    1251894.0655329588,
    1258793.908067673,
    1253793.908067673,
    1248793.908067673,
    1245571.6566900816,
    1240571.6566900816,
    1235571.6566900816,
    1230571.6566900816,
    1225571.6566900816,
    1220571.6566900816,
    1215571.6566900816,
    1225165.230452386,
    1220165.230452386,
    1215165.230452386,
    1231722.7686822042,
    1228852.9566186331,
    1227893.1167280958,
    1226562.3630096628,
    1249395.9978938778,
    1260984.9119879704,
    1273819.281077406,
    1268819.281077406,
    1263819.281077406,
    1258819.281077406,
    1278185.8366698679,
    1294050.1461926727,
    1289050.1461926727,
    1298923.856825296,
    1293923.856825296,
    1288923.856825296,
    1283923.856825296,
    1318514.4548170029,
    1313514.4548170029,
    1334543.28419701,
    1329543.28419701,
    1327981.2932814725,
    1323782.6265255404,
    1318782.6265255404,
    1313782.6265255404,
    1308782.6265255404,
    1317360.8949122939,
    1321842.8277217732,
    1322519.9023667995,
    1317519.9023667995,
    1353881.5722781124,
    1348881.5722781124,
    1343881.5722781124,
    1336250.3827043644,
    1363395.6607817025,
    1366239.7250949233,
    1361239.7250949233,
    1356239.7250949233,
    1351239.7250949233,
    1346239.7250949233,
    1341239.7250949233,
    1336239.7250949233,
    1331239.7250949233,
    1337698.4506146896,
    1340674.4546244633,
    1338596.650102667,
    1347470.972626377,
    1342470.972626377,
    1337470.972626377,
    1332470.972626377,
    1327470.972626377,
    1322470.972626377,
    1317470.972626377,
    1312470.972626377,
    1307470.972626377,
    1302470.972626377,
    1303973.2911652243,
    1298973.2911652243,
    1293973.2911652243,
    1288973.2911652243,
    1283973.2911652243,
    1313307.8719693865,
    1308307.8719693865,
    1303307.8719693865,
    1346448.9739122111,
    1343380.633605377,
    1338380.633605377,
    1333380.633605377,
    1328380.633605377,
    1323380.633605377,
    1318380.633605377,
    1337758.1857442588,
    1332758.1857442588,
    1327758.1857442588,
    1322758.1857442588,
    1334288.4707584917,
    1329288.4707584917,
    1324288.4707584917,
    1334986.7702209537,
    1329986.7702209537,
    1324986.7702209537,
    1319986.7702209537,
    1333776.8427644288,
    1347201.2409986376,
    1347683.7966131722,
    1364640.6566369343,
    1359640.6566369343,
    1354640.6566369343,
    1349640.6566369343,
    1344640.6566369343,
    1360182.6942217818,
    1375981.6870581536,
    1370981.6870581536,
    1365981.6870581536,
    1430425.6851836133,
    1425425.6851836133,
    1420425.6851836133,
    1415425.6851836133,
    1429414.4596238774,
    1424414.4596238774,
    1444214.181058967,
    1439041.9685662643,
    1434041.9685662643,
    1448903.841923272,
    1443903.841923272,
    1455199.7748378601,
    1450199.7748378601,
    1446152.9689239564,
    1442351.3017906072,
    1437351.3017906072,
    1448189.6073480677,
    1452458.1448456903,
    1447458.1448456903,
    1448658.827338897,
    1443658.827338897,
    1452601.292746644,
    1447601.292746644,
    1442601.292746644,
