{
  "metrics": {
    "Variant": "0.50% stop, ATR\u00d73.0",
    "Capital_Risked": "5.0%",
    "Trades": 1267,
    "Win_rate_pct": 27.0,
    "Win_Loss_ratio": 3.0,
    "Cum_return_pct": 1381.0,
    "Max_DD_pct": 12.0,
    "Max_consec_losses": 24,
    "Max_consec_wins": 5,
    "Win_rate_30d_pct": 24.0,
    "Trades_30d": 33,
    "PnL_30d": 14304.0,
    "Win_rate_7d_pct": 25.0,
    "Trades_7d": 8,
    "PnL_7d": -5380.0,
    "Win_rate_3m_pct": 26.0,
    "Trades_3m": 82,
    "PnL_3m": -15005.0
  },
  "live_position": null,
  "equity_curve": [
    1150655.100070255,
    1145655.100070255,
    1140655.100070255,
    1135655.100070255,
    1161516.2253712844,
    1156516.2253712844,
    1175550.981713131,
    1195753.3931248556,
    1187359.963980814,
    1182359.963980814,
    1177359.963980814,
    1172359.963980814,
    1167359.963980814,
    1176330.2230150322,
    1171330.2230150322,
    1166330.2230150322,
    1161330.2230150322,
    1156330.2230150322,
    1151330.2230150322,
    1146330.2230150322,
    1141330.2230150322,
    1147831.7430463359,
    1142831.7430463359,
    1153867.237692482,
    1177367.8504798883,
    1195729.3463684004,
    1190729.3463684004,
    1185729.3463684004,
    1180729.3463684004,
    1192171.610858441,
    1187171.610858441,
    1182171.610858441,
    1177171.610858441,
    1172171.610858441,
    1205493.286941212,
    1200493.286941212,
    1252513.0354751272,
    1247513.0354751272,
    1242513.0354751272,
    1237513.0354751272,
    1232513.0354751272,
    1230259.8571780038,
    1225259.8571780038,
    1220259.8571780038,
    1215259.8571780038,
    1210259.8571780038,
    1205259.8571780038,
    1207047.800368639,
    1202047.800368639,
    1220284.1171362188,
    1215284.1171362188,
    1210284.1171362188,
    1205284.1171362188,
    1200284.1171362188,
    1195284.1171362188,
    1196438.167228231,
    1191438.167228231,
    1203156.4806851337,
    1198156.4806851337,
    1193156.4806851337,
    1215604.3964760231,
    1210604.3964760231,
    1205604.3964760231,
    1200604.3964760231,
    1195604.3964760231,
    1190604.3964760231,
    1185604.3964760231,
    1180604.3964760231,
    1175604.3964760231,
    1170604.3964760231,
    1175255.730287359,
    1169948.0477338748,
    1169385.7267540304,
    1164385.7267540304,
    1177894.610844693,
    1194066.841691347,
    1189066.841691347,
    1214738.4022296164,
    1209738.4022296164,
    1234644.233702831,
    1229644.233702831,
    1223377.9317752272,
    1218377.9317752272,
    1213377.9317752272,
    1208377.9317752272,
    1205532.0645718812,
    1200532.0645718812,
    1212251.627614469,
    1207251.627614469,
    1220694.6667506888,
    1215694.6667506888,
    1210694.6667506888,
    1205694.6667506888,
    1200694.6667506888,
    1195694.6667506888,
    1191400.377829629,
    1186400.377829629,
    1181400.377829629,
    1176400.377829629,
    1205768.5178474276,
    1200768.5178474276,
    1195768.5178474276,
    1196720.10580984,
    1191720.10580984,
    1186720.10580984,
    1181720.10580984,
    1183806.691615052,
    1178806.691615052,
    1173806.691615052,
    1185332.18122111,
    1180332.18122111,
    1175332.18122111,
    1170332.18122111,
    1164863.7642690174,
    1182176.6325311835,
    1177176.6325311835,
    1187743.0008211292,
    1182743.0008211292,
    1177743.0008211292,
    1176382.8849594076,
    1171382.8849594076,
    1166382.8849594076,
    1173718.2069800445,
    1168718.2069800445,
    1163718.2069800445,
    1158718.2069800445,
    1160283.817232555,
    1155283.817232555,
    1150283.817232555,
    1145283.817232555,
    1140283.817232555,
    1162311.0194689913,
    1157311.0194689913,
    1152311.0194689913,
    1154104.435071707,
    1149104.435071707,
    1144104.435071707,
    1139104.435071707,
    1150828.6727380157,
    1145828.6727380157,
    1140828.6727380157,
    1135828.6727380157,
    1133110.7154755504,
    1131731.666492994,
    1126731.666492994,
    1121731.666492994,
    1145758.0717502565,
    1140758.0717502565,
    1135758.0717502565,
    1130758.0717502565,
    1120689.4357027248,
    1115689.4357027248,
    1133719.4379539168,
    1128719.4379539168,
    1136426.887835906,
    1150642.0752572962,
    1168779.900778042,
    1184269.4960559711,
    1191169.3385906853,
    1186169.3385906853,
    1181169.3385906853,
    1177947.0872130939,
    1172947.0872130939,
    1167947.0872130939,
    1162947.0872130939,
    1157947.0872130939,
    1152947.0872130939,
    1147947.0872130939,
    1157540.6609753983,
    1152540.6609753983,
    1147540.6609753983,
    1164098.1992052165,
    1161228.3871416454,
    1160268.547251108,
    1158937.7935326751,
    1181771.42841689,
    1193360.3425109826,
    1206194.7116004182,
    1201194.7116004182,
    1196194.7116004182,
    1191194.7116004182,
    1210561.2671928802,
    1226425.576715685,
    1221425.576715685,
    1231299.2873483084,
    1226299.2873483084,
    1221299.2873483084,
    1216299.2873483084,
    1250889.8853400152,
    1245889.8853400152,
    1266918.7147200224,
    1261918.7147200224,
    1260356.7238044848,
    1256158.0570485527,
    1251158.0570485527,
    1246158.0570485527,
    1241158.0570485527,
    1249736.3254353062,
    1254218.2582447855,
    1254895.3328898118,
    1249895.3328898118,
    1286257.0028011247,
    1281257.0028011247,
    1276257.0028011247,
    1268625.8132273767,
    1295771.0913047148,
    1298615.1556179356,
    1293615.1556179356,
    1288615.1556179356,
    1283615.1556179356,
    1278615.1556179356,
    1273615.1556179356,
    1268615.1556179356,
    1263615.1556179356,
    1270073.881137702,
    1273049.8851474756,
    1270972.0806256793,
    1279846.4031493892,
    1274846.4031493892,
    1269846.4031493892,
    1264846.4031493892,
    1259846.4031493892,
    1254846.4031493892,
    1249846.4031493892,
    1244846.4031493892,
    1239846.4031493892,
    1234846.4031493892,
    1236348.7216882366,
    1231348.7216882366,
    1226348.7216882366,
    1221348.7216882366,
    1216348.7216882366,
    1245683.3024923988,
    1240683.3024923988,
    1235683.3024923988,
    1278824.4044352234,
    1275756.0641283893,
    1270756.0641283893,
    1265756.0641283893,
    1260756.0641283893,
    1255756.0641283893,
    1250756.0641283893,
    1270133.616267271,
    1265133.616267271,
    1260133.616267271,
    1255133.616267271,
    1266663.901281504,
    1261663.901281504,
    1256663.901281504,
    1267362.200743966,
    1262362.200743966,
    1257362.200743966,
    1252362.200743966,
    1266152.273287441,
    1279576.67152165,
    1280059.2271361845,
    1297016.0871599466,
    1292016.0871599466,
    1287016.0871599466,
    1282016.0871599466,
    1277016.0871599466,
    1292558.124744794,
    1308357.1175811659,
    1303357.1175811659,
    1298357.1175811659,
    1362801.1157066256,
    1357801.1157066256,
    1352801.1157066256,
    1347801.1157066256,
    1361789.8901468897,
    1356789.8901468897,
    1376589.6115819793,
    1371417.3990892766,
    1366417.3990892766,
    1381279.2724462843,
    1376279.2724462843,
    1387575.2053608724,
    1382575.2053608724,
    1378528.3994469687,
    1374726.7323136195,
    1369726.7323136195,
    1380565.03787108,
    1384833.5753687026,
    1379833.5753687026,
    1381034.2578619092,
    1376034.2578619092,
    1384976.7232696563,
    1379976.7232696563,
    1374976.7232696563,
    1376156.0186672169,
    1371156.0186672169,
    1372146.5978464808,
    1385612.2809429744,
    1387859.9454790424,
    1385902.0119712397,
    1385255.4061691589,
    1380255.4061691589,
    1378760.6521807527,
    1373760.6521807527,
    1381421.1257146574,
    1388774.6650920366,
    1383774.6650920366,
    1382677.162154031,
    1377677.162154031,
    1369707.7213722111,
    1364707.7213722111,
    1359707.7213722111,
    1370403.8350263974,
    1365403.8350263974,
    1360403.8350263974,
    1378769.126244874,
    1373769.126244874,
    1375422.4179672697,
    1384246.8273768236,
