{
  "metrics": {
    "Variant": "0.50% stop, ATR\u00d73.0",
    "Capital_Risked": "5.0%",
    "Trades": 1269,
    "Win_rate_pct": 28.0,
    "Win_Loss_ratio": 3.0,
    "Cum_return_pct": 1403.0,
    "Max_DD_pct": 11.0,
    "Max_consec_losses": 24,
    "Max_consec_wins": 5,
    "Win_rate_30d_pct": 28.0,
    "Trades_30d": 32,
    "PnL_30d": 14837.0,
    "Win_rate_7d_pct": 50.0,
    "Trades_7d": 8,
    "PnL_7d": 25215.0,
    "Win_rate_3m_pct": 26.0,
    "Trades_3m": 87,
    "PnL_3m": -9409.0
  },
  "live_position": null,
  "equity_curve": [
    1172946.586761756,
    1191981.3431036028,
    1212183.7545153273,
    1203790.3253712857,
    1198790.3253712857,
    1193790.3253712857,
    1188790.3253712857,
    1183790.3253712857,
    1192760.584405504,
    1187760.584405504,
    1182760.584405504,
    1177760.584405504,
    1172760.584405504,
    1167760.584405504,
    1162760.584405504,
    1157760.584405504,
    1164262.1044368076,
    1159262.1044368076,
    1170297.5990829538,
    1193798.21187036,
    1212159.707758872,
    1207159.707758872,
    1202159.707758872,
    1197159.707758872,
    1208601.9722489128,
    1203601.9722489128,
    1198601.9722489128,
    1193601.9722489128,
    1188601.9722489128,
    1221923.6483316836,
    1216923.6483316836,
    1268943.3968655989,
    1263943.3968655989,
    1258943.3968655989,
    1253943.3968655989,
    1248943.3968655989,
    1246690.2185684755,
    1241690.2185684755,
    1236690.2185684755,
    1231690.2185684755,
    1226690.2185684755,
    1221690.2185684755,
    1223478.1617591106,
    1218478.1617591106,
    1236714.4785266905,
    1231714.4785266905,
    1226714.4785266905,
    1221714.4785266905,
    1216714.4785266905,
    1211714.4785266905,
    1212868.5286187027,
    1207868.5286187027,
    1219586.8420756054,
    1214586.8420756054,
    1209586.8420756054,
    1232034.7578664948,
    1227034.7578664948,
    1222034.7578664948,
    1217034.7578664948,
    1212034.7578664948,
    1207034.7578664948,
    1202034.7578664948,
    1197034.7578664948,
    1192034.7578664948,
    1187034.7578664948,
    1191686.0916778308,
    1186378.4091243464,
    1185816.0881445021,
    1180816.0881445021,
    1194324.9722351646,
    1210497.2030818188,
    1205497.2030818188,
    1231168.763620088,
    1226168.763620088,
    1251074.5950933027,
    1246074.5950933027,
    1239808.2931656989,
    1234808.2931656989,
    1229808.2931656989,
    1224808.2931656989,
    1221962.425962353,
    1216962.425962353,
    1228681.9890049407,
    1223681.9890049407,
    1237125.0281411605,
    1232125.0281411605,
    1227125.0281411605,
    1222125.0281411605,
    1217125.0281411605,
    1212125.0281411605,
    1207830.7392201007,
    1202830.7392201007,
    1197830.7392201007,
    1192830.7392201007,
    1222198.8792378993,
    1217198.8792378993,
    1212198.8792378993,
    1213150.4672003116,
    1208150.4672003116,
    1203150.4672003116,
    1198150.4672003116,
    1200237.0530055237,
    1195237.0530055237,
    1190237.0530055237,
    1201762.5426115817,
    1196762.5426115817,
    1191762.5426115817,
    1186762.5426115817,
    1181294.125659489,
    1198606.9939216552,
    1193606.9939216552,
    1204173.3622116009,
    1199173.3622116009,
    1194173.3622116009,
    1192813.2463498793,
    1187813.2463498793,
    1182813.2463498793,
    1190148.5683705162,
    1185148.5683705162,
    1180148.5683705162,
    1175148.5683705162,
    1176714.1786230267,
    1171714.1786230267,
    1166714.1786230267,
    1161714.1786230267,
    1156714.1786230267,
    1178741.380859463,
    1173741.380859463,
    1168741.380859463,
    1170534.7964621787,
    1165534.7964621787,
    1160534.7964621787,
    1155534.7964621787,
    1167259.0341284873,
    1162259.0341284873,
    1157259.0341284873,
    1152259.0341284873,
    1149541.076866022,
    1148162.0278834654,
    1143162.0278834654,
    1138162.0278834654,
    1162188.433140728,
    1157188.433140728,
    1152188.433140728,
    1147188.433140728,
    1137119.7970931963,
    1132119.7970931963,
    1150149.7993443883,
    1145149.7993443883,
    1152857.249226377,
    1167072.4366477677,
    1185210.2621685134,
    1200699.8574464426,
    1207599.6999811567,
    1202599.6999811567,
    1197599.6999811567,
    1194377.4486035653,
    1189377.4486035653,
    1184377.4486035653,
    1179377.4486035653,
    1174377.4486035653,
    1169377.4486035653,
    1164377.4486035653,
    1173971.0223658697,
    1168971.0223658697,
    1163971.0223658697,
    1180528.560595688,
    1177658.7485321169,
    1176698.9086415796,
    1175368.1549231466,
    1198201.7898073616,
    1209790.703901454,
    1222625.0729908897,
    1217625.0729908897,
    1212625.0729908897,
    1207625.0729908897,
    1226991.6285833516,
    1242855.9381061564,
    1237855.9381061564,
    1247729.6487387798,
    1242729.6487387798,
    1237729.6487387798,
    1232729.6487387798,
    1267320.2467304866,
    1262320.2467304866,
    1283349.0761104939,
    1278349.0761104939,
    1276787.0851949563,
    1272588.4184390241,
    1267588.4184390241,
    1262588.4184390241,
    1257588.4184390241,
    1266166.6868257776,
    1270648.619635257,
    1271325.6942802833,
    1266325.6942802833,
    1302687.3641915962,
    1297687.3641915962,
    1292687.3641915962,
    1285056.1746178481,
    1312201.4526951862,
    1315045.517008407,
    1310045.517008407,
    1305045.517008407,
    1300045.517008407,
    1295045.517008407,
    1290045.517008407,
    1285045.517008407,
    1280045.517008407,
    1286504.2425281734,
    1289480.246537947,
    1287402.4420161508,
    1296276.7645398607,
    1291276.7645398607,
    1286276.7645398607,
    1281276.7645398607,
    1276276.7645398607,
    1271276.7645398607,
    1266276.7645398607,
    1261276.7645398607,
    1256276.7645398607,
    1251276.7645398607,
    1252779.083078708,
    1247779.083078708,
    1242779.083078708,
    1237779.083078708,
    1232779.083078708,
    1262113.6638828702,
    1257113.6638828702,
    1252113.6638828702,
    1295254.765825695,
    1292186.4255188608,
    1287186.4255188608,
    1282186.4255188608,
    1277186.4255188608,
    1272186.4255188608,
    1267186.4255188608,
    1286563.9776577426,
    1281563.9776577426,
    1276563.9776577426,
    1271563.9776577426,
    1283094.2626719754,
    1278094.2626719754,
    1273094.2626719754,
    1283792.5621344375,
    1278792.5621344375,
    1273792.5621344375,
    1268792.5621344375,
    1282582.6346779126,
    1296007.0329121214,
    1296489.588526656,
    1313446.448550418,
    1308446.448550418,
    1303446.448550418,
    1298446.448550418,
    1293446.448550418,
    1308988.4861352656,
    1324787.4789716373,
    1319787.4789716373,
    1314787.4789716373,
    1379231.477097097,
    1374231.477097097,
    1369231.477097097,
    1364231.477097097,
    1378220.2515373612,
    1373220.2515373612,
    1393019.9729724508,
    1387847.760479748,
    1382847.760479748,
    1397709.6338367558,
    1392709.6338367558,
    1404005.566751344,
    1399005.566751344,
    1394958.7608374401,
    1391157.093704091,
    1386157.093704091,
    1396995.3992615514,
    1401263.936759174,
    1396263.936759174,
    1397464.6192523807,
    1392464.6192523807,
    1401407.0846601278,
    1396407.0846601278,
    1391407.0846601278,
    1392586.3800576883,
    1387586.3800576883,
    1388576.9592369522,
    1402042.6423334458,
    1404290.3068695138,
    1402332.3733617112,
    1401685.7675596303,
    1396685.7675596303,
    1395191.0135712242,
    1390191.0135712242,
    1397851.4871051288,
    1405205.026482508,
    1400205.026482508,
    1399107.5235445024,
    1394107.5235445024,
    1386138.0827626826,
    1381138.0827626826,
    1376138.0827626826,
    1386834.1964168688,
    1381834.1964168688,
    1376834.1964168688,
    1395199.4876353454,
    1390199.4876353454,
    1391852.7793577411,
    1400677.188767295,
    1395677.188767295,
    1403868.9363401108,
    1394974.8343396306,
    1398644.038557324,
