{
  "metrics": {
    "Variant": "0.50% stop, ATR\u00d73.0",
    "Capital_Risked": "5.0%",
    "Trades": 1276,
    "Win_rate_pct": 27.0,
    "Win_Loss_ratio": 3.0,
    "Cum_return_pct": 1340.0,
    "Max_DD_pct": 12.0,
    "Max_consec_losses": 24,
    "Max_consec_wins": 5,
    "Win_rate_30d_pct": 24.0,
    "Trades_30d": 33,
    "PnL_30d": -5371.0,
    "Win_rate_7d_pct": 12.0,
    "Trades_7d": 8,
    "PnL_7d": -14489.0,
    "Win_rate_3m_pct": 25.0,
    "Trades_3m": 95,
    "PnL_3m": -23899.0
  },
  "live_position": null,
  "equity_curve": [
    1143893.4572631964,
    1138893.4572631964,
    1133893.4572631964,
    1128893.4572631964,
    1123893.4572631964,
    1118893.4572631964,
    1113893.4572631964,
    1108893.4572631964,
    1115394.9772945002,
    1110394.9772945002,
    1121430.4719406464,
    1144931.0847280526,
    1163292.5806165647,
    1158292.5806165647,
    1153292.5806165647,
    1148292.5806165647,
    1159734.8451066054,
    1154734.8451066054,
    1149734.8451066054,
    1144734.8451066054,
    1139734.8451066054,
    1173056.5211893762,
    1168056.5211893762,
    1220076.2697232915,
    1215076.2697232915,
    1210076.2697232915,
    1205076.2697232915,
    1200076.2697232915,
    1197823.091426168,
    1192823.091426168,
    1187823.091426168,
    1182823.091426168,
    1177823.091426168,
    1172823.091426168,
    1174611.0346168033,
    1169611.0346168033,
    1187847.3513843832,
    1182847.3513843832,
    1177847.3513843832,
    1172847.3513843832,
    1167847.3513843832,
    1162847.3513843832,
    1164001.4014763953,
    1159001.4014763953,
    1170719.714933298,
    1165719.714933298,
    1160719.714933298,
    1183167.6307241875,
    1178167.6307241875,
    1173167.6307241875,
    1168167.6307241875,
    1163167.6307241875,
    1158167.6307241875,
    1153167.6307241875,
    1148167.6307241875,
    1143167.6307241875,
    1138167.6307241875,
    1142818.9645355234,
    1137511.281982039,
    1136948.9610021948,
    1131948.9610021948,
    1145457.8450928573,
    1161630.0759395112,
    1156630.0759395112,
    1182301.6364777805,
    1177301.6364777805,
    1202207.467950995,
    1197207.467950995,
    1190941.1660233913,
    1185941.1660233913,
    1180941.1660233913,
    1175941.1660233913,
    1173095.2988200453,
    1168095.2988200453,
    1179814.8618626331,
    1174814.8618626331,
    1188257.900998853,
    1183257.900998853,
    1178257.900998853,
    1173257.900998853,
    1168257.900998853,
    1163257.900998853,
    1158963.612077793,
    1153963.612077793,
    1148963.612077793,
    1143963.612077793,
    1173331.7520955917,
    1168331.7520955917,
    1163331.7520955917,
    1164283.340058004,
    1159283.340058004,
    1154283.340058004,
    1149283.340058004,
    1151369.9258632162,
    1146369.9258632162,
    1141369.9258632162,
    1152895.4154692742,
    1147895.4154692742,
    1142895.4154692742,
    1137895.4154692742,
    1132426.9985171815,
    1149739.8667793476,
    1144739.8667793476,
    1155306.2350692933,
    1150306.2350692933,
    1145306.2350692933,
    1143946.1192075717,
    1138946.1192075717,
    1133946.1192075717,
    1141281.4412282086,
    1136281.4412282086,
    1131281.4412282086,
    1126281.4412282086,
    1127847.051480719,
    1122847.051480719,
    1117847.051480719,
    1112847.051480719,
    1107847.051480719,
    1129874.2537171552,
    1124874.2537171552,
    1119874.2537171552,
    1121667.669319871,
    1116667.669319871,
    1111667.669319871,
    1106667.669319871,
    1118391.9069861798,
    1113391.9069861798,
    1108391.9069861798,
    1103391.9069861798,
    1100673.9497237147,
    1099294.900741158,
    1094294.900741158,
    1089294.900741158,
    1113321.3059984208,
    1108321.3059984208,
    1103321.3059984208,
    1098321.3059984208,
    1088252.6699508892,
    1083252.6699508892,
    1101282.6722020812,
    1096282.6722020812,
    1103990.12208407,
    1118205.3095054606,
    1136343.1350262063,
    1151832.7303041352,
    1158732.5728388494,
    1153732.5728388494,
    1148732.5728388494,
    1145510.321461258,
    1140510.321461258,
    1135510.321461258,
    1130510.321461258,
    1125510.321461258,
    1120510.321461258,
    1115510.321461258,
    1125103.8952235626,
    1120103.8952235626,
    1115103.8952235626,
    1131661.4334533806,
    1128791.6213898095,
    1127831.7814992722,
    1126501.0277808392,
    1149334.6626650542,
    1160923.5767591468,
    1173757.9458485823,
    1168757.9458485823,
    1163757.9458485823,
    1158757.9458485823,
    1178124.5014410443,
    1193988.810963849,
    1188988.810963849,
    1198862.5215964725,
    1193862.5215964725,
    1188862.5215964725,
    1183862.5215964725,
    1218453.1195881793,
    1213453.1195881793,
    1234481.9489681865,
    1229481.9489681865,
    1227919.958052649,
    1223721.2912967168,
    1218721.2912967168,
    1213721.2912967168,
    1208721.2912967168,
    1217299.5596834703,
    1221781.4924929496,
    1222458.567137976,
    1217458.567137976,
    1253820.2370492888,
    1248820.2370492888,
    1243820.2370492888,
    1236189.0474755408,
    1263334.325552879,
    1266178.3898660997,
    1261178.3898660997,
    1256178.3898660997,
    1251178.3898660997,
    1246178.3898660997,
    1241178.3898660997,
    1236178.3898660997,
    1231178.3898660997,
    1237637.115385866,
    1240613.1193956397,
    1238535.3148738435,
    1247409.6373975533,
    1242409.6373975533,
    1237409.6373975533,
    1232409.6373975533,
    1227409.6373975533,
    1222409.6373975533,
    1217409.6373975533,
    1212409.6373975533,
    1207409.6373975533,
    1202409.6373975533,
    1203911.9559364007,
    1198911.9559364007,
    1193911.9559364007,
    1188911.9559364007,
    1183911.9559364007,
    1213246.5367405629,
    1208246.5367405629,
    1203246.5367405629,
    1246387.6386833875,
    1243319.2983765535,
    1238319.2983765535,
    1233319.2983765535,
    1228319.2983765535,
    1223319.2983765535,
    1218319.2983765535,
    1237696.8505154352,
    1232696.8505154352,
    1227696.8505154352,
    1222696.8505154352,
    1234227.135529668,
    1229227.135529668,
    1224227.135529668,
    1234925.4349921301,
    1229925.4349921301,
    1224925.4349921301,
    1219925.4349921301,
    1233715.5075356052,
    1247139.905769814,
    1247622.4613843486,
    1264579.3214081107,
    1259579.3214081107,
    1254579.3214081107,
    1249579.3214081107,
    1244579.3214081107,
    1260121.3589929582,
    1275920.35182933,
    1270920.35182933,
    1265920.35182933,
    1330364.3499547897,
    1325364.3499547897,
    1320364.3499547897,
    1315364.3499547897,
    1329353.1243950538,
    1324353.1243950538,
    1344152.8458301434,
    1338980.6333374407,
    1333980.6333374407,
    1348842.5066944484,
    1343842.5066944484,
    1355138.4396090365,
    1350138.4396090365,
    1346091.6336951328,
    1342289.9665617836,
    1337289.9665617836,
    1348128.272119244,
    1352396.8096168668,
    1347396.8096168668,
    1348597.4921100733,
    1343597.4921100733,
    1352539.9575178204,
    1347539.9575178204,
    1342539.9575178204,
    1343719.252915381,
    1338719.252915381,
    1339709.832094645,
    1353175.5151911385,
    1355423.1797272065,
    1353465.2462194038,
    1352818.640417323,
    1347818.640417323,
    1346323.8864289168,
    1341323.8864289168,
    1348984.3599628215,
    1356337.8993402007,
    1351337.8993402007,
    1350240.396402195,
    1345240.396402195,
    1337270.9556203752,
    1332270.9556203752,
    1327270.9556203752,
    1337967.0692745615,
    1332967.0692745615,
    1327967.0692745615,
    1346332.360493038,
    1341332.360493038,
    1342985.6522154338,
    1351810.0616249877,
    1346810.0616249877,
    1355001.8091978035,
    1346107.7071973232,
    1349776.9114150167,
    1345825.4062857516,
    1340825.4062857516,
    1335825.4062857516,
    1337712.1806677612,
    1332712.1806677612,
    1338581.8159728118,
    1352555.6135826684,
    1362568.0820443304,
