{
  "metrics": {
    "Variant": "0.50% stop, ATR\u00d73.0",
    "Capital_Risked": "5.0%",
    "Trades": 1261,
    "Win_rate_pct": 28.0,
    "Win_Loss_ratio": 3.0,
    "Cum_return_pct": 1487.0,
    "Max_DD_pct": 11.0,
    "Max_consec_losses": 24,
    "Max_consec_wins": 6,
    "Win_rate_30d_pct": 23.0,
    "Trades_30d": 39,
    "PnL_30d": 8287.0,
    "Win_rate_7d_pct": 40.0,
    "Trades_7d": 10,
    "PnL_7d": 33348.0,
    "Win_rate_3m_pct": 26.0,
    "Trades_3m": 68,
    "PnL_3m": -5898.0
  },
  "live_position": null,
  "equity_curve": [
    1212681.046450482,
    1207681.046450482,
    1202681.046450482,
    1211840.869571139,
    1206840.869571139,
    1219812.9655826765,
    1214812.9655826765,
    1216024.0411172917,
    1237487.0898815522,
    1232487.0898815522,
    1227487.0898815522,
    1233069.058538006,
    1228069.058538006,
    1223069.058538006,
    1218069.058538006,
    1243930.1838390352,
    1238930.1838390352,
    1257964.9401808819,
    1278167.3515926064,
    1269773.9224485648,
    1264773.9224485648,
    1259773.9224485648,
    1254773.9224485648,
    1249773.9224485648,
    1258744.181482783,
    1253744.181482783,
    1248744.181482783,
    1243744.181482783,
    1238744.181482783,
    1233744.181482783,
    1228744.181482783,
    1223744.181482783,
    1230245.7015140867,
    1225245.7015140867,
    1236281.1961602329,
    1259781.808947639,
    1278143.3048361512,
    1273143.3048361512,
    1268143.3048361512,
    1263143.3048361512,
    1274585.569326192,
    1269585.569326192,
    1264585.569326192,
    1259585.569326192,
    1254585.569326192,
    1287907.2454089627,
    1282907.2454089627,
    1334926.993942878,
    1329926.993942878,
    1324926.993942878,
    1319926.993942878,
    1314926.993942878,
    1312673.8156457546,
    1307673.8156457546,
    1302673.8156457546,
    1297673.8156457546,
    1292673.8156457546,
    1287673.8156457546,
    1289461.7588363898,
    1284461.7588363898,
    1302698.0756039696,
    1297698.0756039696,
    1292698.0756039696,
    1287698.0756039696,
    1282698.0756039696,
    1277698.0756039696,
    1272698.0756039696,
    1273852.1256959818,
    1268852.1256959818,
    1280570.4391528845,
    1275570.4391528845,
    1270570.4391528845,
    1293018.354943774,
    1288018.354943774,
    1283018.354943774,
    1278018.354943774,
    1281360.6469980776,
    1276360.6469980776,
    1271360.6469980776,
    1266360.6469980776,
    1261360.6469980776,
    1256360.6469980776,
    1251360.6469980776,
    1256011.9808094136,
    1250704.2982559293,
    1250141.977276085,
    1245141.977276085,
    1258650.8613667474,
    1274823.0922134016,
    1269823.0922134016,
    1295494.652751671,
    1290494.652751671,
    1315400.4842248855,
    1310400.4842248855,
    1304134.1822972817,
    1299134.1822972817,
    1294134.1822972817,
    1289134.1822972817,
    1286288.3150939357,
    1281288.3150939357,
    1293007.8781365235,
    1288007.8781365235,
    1301450.9172727433,
    1296450.9172727433,
    1291450.9172727433,
    1286450.9172727433,
    1281450.9172727433,
    1276450.9172727433,
    1272156.6283516835,
    1267156.6283516835,
    1262156.6283516835,
    1257156.6283516835,
    1269024.9473066167,
    1298393.0873244153,
    1293393.0873244153,
    1288393.0873244153,
    1289344.6752868276,
    1284344.6752868276,
    1279344.6752868276,
    1274344.6752868276,
    1276431.2610920398,
    1271431.2610920398,
    1266431.2610920398,
    1277956.7506980977,
    1272956.7506980977,
    1267956.7506980977,
    1262956.7506980977,
    1257488.333746005,
    1274801.2020081712,
    1269801.2020081712,
    1280367.570298117,
    1275367.570298117,
    1270367.570298117,
    1269007.4544363953,
    1264007.4544363953,
    1259007.4544363953,
    1266342.7764570322,
    1261342.7764570322,
    1256342.7764570322,
    1251342.7764570322,
    1252908.3867095427,
    1247908.3867095427,
    1242908.3867095427,
    1237908.3867095427,
    1232908.3867095427,
    1254935.588945979,
    1249935.588945979,
    1244935.588945979,
    1246729.0045486947,
    1241729.0045486947,
    1236729.0045486947,
    1231729.0045486947,
    1243453.2422150034,
    1238453.2422150034,
    1233453.2422150034,
    1228453.2422150034,
    1225735.284952538,
    1224356.2359699814,
    1219356.2359699814,
    1214356.2359699814,
    1238382.641227244,
    1233382.641227244,
    1228382.641227244,
    1223382.641227244,
    1213314.0051797125,
    1208314.0051797125,
    1226344.0074309045,
    1221344.0074309045,
    1229051.4573128934,
    1243266.644734284,
    1261404.4702550296,
    1276894.0655329588,
    1283793.908067673,
    1278793.908067673,
    1273793.908067673,
    1270571.6566900816,
    1265571.6566900816,
    1260571.6566900816,
    1255571.6566900816,
    1250571.6566900816,
    1245571.6566900816,
    1240571.6566900816,
    1250165.230452386,
    1245165.230452386,
    1240165.230452386,
    1256722.7686822042,
    1253852.9566186331,
    1252893.1167280958,
    1251562.3630096628,
    1274395.9978938778,
    1285984.9119879704,
    1298819.281077406,
    1293819.281077406,
    1288819.281077406,
    1283819.281077406,
    1303185.8366698679,
    1319050.1461926727,
    1314050.1461926727,
    1323923.856825296,
    1318923.856825296,
    1313923.856825296,
    1308923.856825296,
    1343514.4548170029,
    1338514.4548170029,
    1359543.28419701,
    1354543.28419701,
    1352981.2932814725,
    1348782.6265255404,
    1343782.6265255404,
    1338782.6265255404,
    1333782.6265255404,
    1342360.8949122939,
    1346842.8277217732,
    1347519.9023667995,
    1342519.9023667995,
    1378881.5722781124,
    1373881.5722781124,
    1368881.5722781124,
    1361250.3827043644,
    1388395.6607817025,
    1391239.7250949233,
    1386239.7250949233,
    1381239.7250949233,
    1376239.7250949233,
    1371239.7250949233,
    1366239.7250949233,
    1361239.7250949233,
    1356239.7250949233,
    1362698.4506146896,
    1365674.4546244633,
    1363596.650102667,
    1372470.972626377,
    1367470.972626377,
    1362470.972626377,
    1357470.972626377,
    1352470.972626377,
    1347470.972626377,
    1342470.972626377,
    1337470.972626377,
    1332470.972626377,
    1327470.972626377,
    1328973.2911652243,
    1323973.2911652243,
    1318973.2911652243,
    1313973.2911652243,
    1308973.2911652243,
    1338307.8719693865,
    1333307.8719693865,
    1328307.8719693865,
    1371448.9739122111,
    1368380.633605377,
    1363380.633605377,
    1358380.633605377,
    1353380.633605377,
    1348380.633605377,
    1343380.633605377,
    1362758.1857442588,
    1357758.1857442588,
    1352758.1857442588,
    1347758.1857442588,
    1359288.4707584917,
    1354288.4707584917,
    1349288.4707584917,
    1359986.7702209537,
    1354986.7702209537,
    1349986.7702209537,
    1344986.7702209537,
    1358776.8427644288,
    1372201.2409986376,
    1372683.7966131722,
    1389640.6566369343,
    1384640.6566369343,
    1379640.6566369343,
    1374640.6566369343,
    1369640.6566369343,
    1385182.6942217818,
    1400981.6870581536,
    1395981.6870581536,
    1390981.6870581536,
    1455425.6851836133,
    1450425.6851836133,
    1445425.6851836133,
    1440425.6851836133,
    1454414.4596238774,
    1449414.4596238774,
    1469214.181058967,
    1464041.9685662643,
    1459041.9685662643,
    1473903.841923272,
    1468903.841923272,
    1480199.7748378601,
    1475199.7748378601,
    1471152.9689239564,
    1467351.3017906072,
    1462351.3017906072,
    1473189.6073480677,
    1477458.1448456903,
    1472458.1448456903,
    1473658.827338897,
    1468658.827338897,
    1477601.292746644,
    1472601.292746644,
    1467601.292746644,
    1468780.5881442046,
    1463780.5881442046,
    1464771.1673234685,
    1478236.850419962,
    1480484.51495603,
    1478526.5814482274,
    1477879.9756461466,
    1472879.9756461466,
    1471385.2216577404,
    1466385.2216577404,
    1474045.695191645,
