{
  "metrics": {
    "Variant": "0.50% stop, ATR\u00d73.0",
    "Capital_Risked": "5.0%",
    "Trades": 1256,
    "Win_rate_pct": 28.0,
    "Win_Loss_ratio": 3.0,
    "Cum_return_pct": 1437.0,
    "Max_DD_pct": 11.0,
    "Max_consec_losses": 25,
    "Max_consec_wins": 6,
    "Win_rate_30d_pct": 23.0,
    "Trades_30d": 35,
    "PnL_30d": -15276.0,
    "Win_rate_7d_pct": 18.0,
    "Trades_7d": 11,
    "PnL_7d": -10587.0,
    "Win_rate_3m_pct": 25.0,
    "Trades_3m": 55,
    "PnL_3m": -24247.0
  },
  "live_position": null,
  "equity_curve": [
    1182450.446564408,
    1177450.446564408,
    1188334.6301928472,
    1183334.6301928472,
    1192471.9342297632,
    1208307.4981569306,
    1203307.4981569306,
    1198307.4981569306,
    1198209.3627300414,
    1193209.3627300414,
    1188209.3627300414,
    1183209.3627300414,
    1178209.3627300414,
    1173209.3627300414,
    1168209.3627300414,
    1177369.1858506985,
    1172369.1858506985,
    1185341.2818622359,
    1180341.2818622359,
    1181552.357396851,
    1203015.4061611115,
    1198015.4061611115,
    1193015.4061611115,
    1198597.3748175653,
    1193597.3748175653,
    1188597.3748175653,
    1183597.3748175653,
    1209458.5001185946,
    1204458.5001185946,
    1223493.2564604413,
    1243695.6678721658,
    1235302.2387281242,
    1230302.2387281242,
    1225302.2387281242,
    1220302.2387281242,
    1215302.2387281242,
    1224272.4977623424,
    1219272.4977623424,
    1214272.4977623424,
    1209272.4977623424,
    1204272.4977623424,
    1199272.4977623424,
    1194272.4977623424,
    1189272.4977623424,
    1195774.017793646,
    1190774.017793646,
    1201809.5124397923,
    1225310.1252271985,
    1243671.6211157106,
    1238671.6211157106,
    1233671.6211157106,
    1228671.6211157106,
    1240113.8856057513,
    1235113.8856057513,
    1230113.8856057513,
    1225113.8856057513,
    1220113.8856057513,
    1253435.561688522,
    1248435.561688522,
    1300455.3102224374,
    1295455.3102224374,
    1290455.3102224374,
    1285455.3102224374,
    1280455.3102224374,
    1278202.131925314,
    1273202.131925314,
    1268202.131925314,
    1263202.131925314,
    1258202.131925314,
    1253202.131925314,
    1254990.0751159491,
    1249990.0751159491,
    1268226.391883529,
    1263226.391883529,
    1258226.391883529,
    1253226.391883529,
    1248226.391883529,
    1243226.391883529,
    1238226.391883529,
    1239380.4419755412,
    1234380.4419755412,
    1246098.755432444,
    1241098.755432444,
    1236098.755432444,
    1258546.6712233333,
    1253546.6712233333,
    1248546.6712233333,
    1243546.6712233333,
    1246888.963277637,
    1241888.963277637,
    1236888.963277637,
    1231888.963277637,
    1226888.963277637,
    1221888.963277637,
    1216888.963277637,
    1221540.297088973,
    1216232.6145354887,
    1215670.2935556443,
    1210670.2935556443,
    1224179.1776463068,
    1240351.408492961,
    1235351.408492961,
    1261022.9690312303,
    1256022.9690312303,
    1280928.8005044449,
    1275928.8005044449,
    1269662.498576841,
    1264662.498576841,
    1259662.498576841,
    1254662.498576841,
    1251816.631373495,
    1246816.631373495,
    1258536.194416083,
    1253536.194416083,
    1266979.2335523027,
    1261979.2335523027,
    1256979.2335523027,
    1251979.2335523027,
    1246979.2335523027,
    1241979.2335523027,
    1237684.944631243,
    1232684.944631243,
    1227684.944631243,
    1222684.944631243,
    1234553.263586176,
    1263921.4036039747,
    1258921.4036039747,
    1253921.4036039747,
    1254872.991566387,
    1249872.991566387,
    1244872.991566387,
    1239872.991566387,
    1241959.5773715992,
    1236959.5773715992,
    1231959.5773715992,
    1243485.0669776571,
    1238485.0669776571,
    1233485.0669776571,
    1228485.0669776571,
    1223016.6500255645,
    1240329.5182877306,
    1235329.5182877306,
    1245895.8865776763,
    1240895.8865776763,
    1235895.8865776763,
    1234535.7707159547,
    1229535.7707159547,
    1224535.7707159547,
    1231871.0927365916,
    1226871.0927365916,
    1221871.0927365916,
    1216871.0927365916,
    1218436.702989102,
    1213436.702989102,
    1208436.702989102,
    1203436.702989102,
    1198436.702989102,
    1220463.9052255384,
    1215463.9052255384,
    1210463.9052255384,
    1212257.320828254,
    1207257.320828254,
    1202257.320828254,
    1197257.320828254,
    1208981.5584945627,
    1203981.5584945627,
    1198981.5584945627,
    1193981.5584945627,
    1191263.6012320975,
    1189884.5522495408,
    1184884.5522495408,
    1179884.5522495408,
    1203910.9575068033,
    1198910.9575068033,
    1193910.9575068033,
    1188910.9575068033,
    1178842.321459272,
    1173842.321459272,
    1191872.323710464,
    1186872.323710464,
    1194579.7735924528,
    1208794.9610138433,
    1226932.786534589,
    1242422.3818125182,
    1249322.2243472324,
    1244322.2243472324,
    1239322.2243472324,
    1236099.972969641,
    1231099.972969641,
    1226099.972969641,
    1221099.972969641,
    1216099.972969641,
    1211099.972969641,
    1206099.972969641,
    1215693.5467319454,
    1210693.5467319454,
    1205693.5467319454,
    1222251.0849617636,
    1219381.2728981925,
    1218421.4330076552,
    1217090.6792892222,
    1239924.3141734372,
    1251513.2282675297,
    1264347.5973569653,
    1259347.5973569653,
    1254347.5973569653,
    1249347.5973569653,
    1268714.1529494273,
    1284578.462472232,
    1279578.462472232,
    1289452.1731048555,
    1284452.1731048555,
    1279452.1731048555,
    1274452.1731048555,
    1309042.7710965623,
    1304042.7710965623,
    1325071.6004765695,
    1320071.6004765695,
    1318509.609561032,
    1314310.9428050998,
    1309310.9428050998,
    1304310.9428050998,
    1299310.9428050998,
    1307889.2111918533,
    1312371.1440013326,
    1313048.218646359,
    1308048.218646359,
    1344409.8885576718,
    1339409.8885576718,
    1334409.8885576718,
    1326778.6989839238,
    1353923.977061262,
    1356768.0413744827,
    1351768.0413744827,
    1346768.0413744827,
    1341768.0413744827,
    1336768.0413744827,
    1331768.0413744827,
    1326768.0413744827,
    1321768.0413744827,
    1328226.766894249,
    1331202.7709040227,
    1329124.9663822264,
    1337999.2889059363,
    1332999.2889059363,
    1327999.2889059363,
    1322999.2889059363,
    1317999.2889059363,
    1312999.2889059363,
    1307999.2889059363,
    1302999.2889059363,
    1297999.2889059363,
    1292999.2889059363,
    1294501.6074447837,
    1289501.6074447837,
    1284501.6074447837,
    1279501.6074447837,
    1274501.6074447837,
    1303836.1882489459,
    1298836.1882489459,
    1293836.1882489459,
    1336977.2901917705,
    1333908.9498849364,
    1328908.9498849364,
    1323908.9498849364,
    1318908.9498849364,
    1313908.9498849364,
    1308908.9498849364,
    1328286.5020238182,
    1323286.5020238182,
    1318286.5020238182,
    1313286.5020238182,
    1324816.787038051,
    1319816.787038051,
    1314816.787038051,
    1325515.0865005131,
    1320515.0865005131,
    1315515.0865005131,
    1310515.0865005131,
    1324305.1590439882,
    1337729.557278197,
    1338212.1128927316,
    1355168.9729164937,
    1350168.9729164937,
    1345168.9729164937,
    1340168.9729164937,
    1335168.9729164937,
    1350711.0105013412,
    1366510.003337713,
    1361510.003337713,
    1356510.003337713,
    1420954.0014631727,
    1415954.0014631727,
    1410954.0014631727,
    1405954.0014631727,
    1419942.7759034368,
    1414942.7759034368,
    1434742.4973385264,
    1429570.2848458237,
    1424570.2848458237,
    1439432.1582028314,
    1434432.1582028314,
    1445728.0911174195,
    1440728.0911174195,
    1436681.2852035158,
    1432879.6180701666,
    1427879.6180701666,
    1438717.923627627,
    1442986.4611252497,
    1437986.4611252497,
    1439187.1436184563,
    1434187.1436184563,
    1443129.6090262034,
    1438129.6090262034,
