{
  "metrics": {
    "Variant": "0.50% stop, ATR\u00d73.0",
    "Capital_Risked": "5.0%",
    "Trades": 1248,
    "Win_rate_pct": 28.0,
    "Win_Loss_ratio": 3.0,
    "Cum_return_pct": 1451.0,
    "Max_DD_pct": 11.0,
    "Max_consec_losses": 25,
    "Max_consec_wins": 7,
    "Win_rate_30d_pct": 26.0,
    "Trades_30d": 27,
    "PnL_30d": -4550.0,
    "Win_rate_7d_pct": 9.0,
    "Trades_7d": 11,
    "PnL_7d": -33424.0,
    "Win_rate_3m_pct": 26.0,
    "Trades_3m": 42,
    "PnL_3m": -11385.0
  },
  "live_position": null,
  "equity_curve": [
    1196448.349299832,
    1191448.349299832,
    1188530.5622410758,
    1179134.0502501153,
    1174134.0502501153,
    1169134.0502501153,
    1164134.0502501153,
    1177708.036239194,
    1172708.036239194,
    1174939.9583761888,
    1169939.9583761888,
    1167369.4870268356,
    1181227.5525082215,
    1176227.5525082215,
    1171227.5525082215,
    1182111.7361366607,
    1177111.7361366607,
    1186249.0401735767,
    1202084.604100744,
    1197084.604100744,
    1192084.604100744,
    1191986.4686738548,
    1186986.4686738548,
    1181986.4686738548,
    1176986.4686738548,
    1171986.4686738548,
    1166986.4686738548,
    1161986.4686738548,
    1171146.291794512,
    1166146.291794512,
    1179118.3878060493,
    1174118.3878060493,
    1175329.4633406645,
    1196792.512104925,
    1191792.512104925,
    1186792.512104925,
    1192374.4807613788,
    1187374.4807613788,
    1182374.4807613788,
    1177374.4807613788,
    1203235.606062408,
    1198235.606062408,
    1217270.3624042547,
    1237472.7738159792,
    1229079.3446719376,
    1224079.3446719376,
    1219079.3446719376,
    1214079.3446719376,
    1209079.3446719376,
    1218049.603706156,
    1213049.603706156,
    1208049.603706156,
    1203049.603706156,
    1198049.603706156,
    1193049.603706156,
    1188049.603706156,
    1183049.603706156,
    1189551.1237374595,
    1184551.1237374595,
    1195586.6183836057,
    1219087.231171012,
    1237448.727059524,
    1232448.727059524,
    1227448.727059524,
    1222448.727059524,
    1233890.9915495648,
    1228890.9915495648,
    1223890.9915495648,
    1218890.9915495648,
    1213890.9915495648,
    1247212.6676323356,
    1242212.6676323356,
    1294232.4161662508,
    1289232.4161662508,
    1284232.4161662508,
    1279232.4161662508,
    1274232.4161662508,
    1271979.2378691274,
    1266979.2378691274,
    1261979.2378691274,
    1256979.2378691274,
    1251979.2378691274,
    1246979.2378691274,
    1248767.1810597626,
    1243767.1810597626,
    1262003.4978273425,
    1257003.4978273425,
    1252003.4978273425,
    1247003.4978273425,
    1242003.4978273425,
    1237003.4978273425,
    1236987.062623135,
    1238141.1127151472,
    1233141.1127151472,
    1244859.42617205,
    1239859.42617205,
    1234859.42617205,
    1257307.3419629394,
    1252307.3419629394,
    1247307.3419629394,
    1242307.3419629394,
    1245649.634017243,
    1240649.634017243,
    1235649.634017243,
    1230649.634017243,
    1225649.634017243,
    1220649.634017243,
    1215649.634017243,
    1220300.967828579,
    1214993.2852750947,
    1214430.9642952504,
    1209430.9642952504,
    1222939.8483859128,
    1239112.079232567,
    1234112.079232567,
    1259783.6397708363,
    1254783.6397708363,
    1279689.471244051,
    1274689.471244051,
    1268423.169316447,
    1263423.169316447,
    1258423.169316447,
    1253423.169316447,
    1250577.3021131011,
    1245577.3021131011,
    1257296.865155689,
    1252296.865155689,
    1265739.9042919087,
    1260739.9042919087,
    1255739.9042919087,
    1250739.9042919087,
    1245739.9042919087,
    1240739.9042919087,
    1236445.615370849,
    1231445.615370849,
    1226445.615370849,
    1221445.615370849,
    1233313.9343257821,
    1262682.0743435808,
    1257682.0743435808,
    1252682.0743435808,
    1253633.662305993,
    1248633.662305993,
    1243633.662305993,
    1238633.662305993,
    1243558.3696676074,
    1238558.3696676074,
    1233558.3696676074,
    1245083.8592736654,
    1240083.8592736654,
    1235083.8592736654,
    1230083.8592736654,
    1224615.4423215727,
    1241928.3105837388,
    1236928.3105837388,
    1247494.6788736845,
    1242494.6788736845,
    1237494.6788736845,
    1236134.563011963,
    1231134.563011963,
    1226134.563011963,
    1233469.8850325998,
    1228469.8850325998,
    1223469.8850325998,
    1218469.8850325998,
    1220035.4952851103,
    1215035.4952851103,
    1210035.4952851103,
    1205035.4952851103,
    1200035.4952851103,
    1222062.6975215466,
    1217062.6975215466,
    1212062.6975215466,
    1213856.1131242623,
    1208856.1131242623,
    1203856.1131242623,
    1198856.1131242623,
    1210580.350790571,
    1205580.350790571,
    1200580.350790571,
    1195580.350790571,
    1192862.3935281057,
    1191483.344545549,
    1186483.344545549,
    1181483.344545549,
    1205509.7498028115,
    1200509.7498028115,
    1195509.7498028115,
    1190509.7498028115,
    1180441.1137552802,
    1175441.1137552802,
    1193471.1160064721,
    1188471.1160064721,
    1196178.565888461,
    1210393.7533098515,
    1228531.5788305972,
    1244021.1741085264,
    1250921.0166432406,
    1245921.0166432406,
    1240921.0166432406,
    1237698.7652656492,
    1232698.7652656492,
    1227698.7652656492,
    1222698.7652656492,
    1217698.7652656492,
    1212698.7652656492,
    1207698.7652656492,
    1217292.3390279536,
    1212292.3390279536,
    1207292.3390279536,
    1223849.8772577718,
    1220980.0651942007,
    1220020.2253036634,
    1218689.4715852304,
    1241523.1064694454,
    1253112.020563538,
    1265946.3896529735,
    1260946.3896529735,
    1255946.3896529735,
    1250946.3896529735,
    1270312.9452454355,
    1286177.2547682403,
    1281177.2547682403,
    1291050.9654008637,
    1286050.9654008637,
    1281050.9654008637,
    1276050.9654008637,
    1310641.5633925705,
    1305641.5633925705,
    1326670.3927725777,
    1321670.3927725777,
    1320108.4018570401,
    1315909.735101108,
    1310909.735101108,
    1305909.735101108,
    1300909.735101108,
    1309488.0034878615,
    1313969.9362973408,
    1314647.0109423671,
    1309647.0109423671,
    1346008.68085368,
    1341008.68085368,
    1336008.68085368,
    1328377.491279932,
    1355522.76935727,
    1358366.833670491,
    1353366.833670491,
    1348366.833670491,
    1343366.833670491,
    1338366.833670491,
    1333366.833670491,
    1328366.833670491,
    1323366.833670491,
    1329825.5591902572,
    1332801.563200031,
    1330723.7586782346,
    1339598.0812019445,
    1334598.0812019445,
    1329598.0812019445,
    1324598.0812019445,
    1319598.0812019445,
    1314598.0812019445,
    1309598.0812019445,
    1304598.0812019445,
    1299598.0812019445,
    1294598.0812019445,
    1296100.3997407919,
    1291100.3997407919,
    1286100.3997407919,
    1281100.3997407919,
    1276100.3997407919,
    1305434.980544954,
    1300434.980544954,
    1295434.980544954,
    1338576.0824877787,
    1335507.7421809447,
    1330507.7421809447,
    1325507.7421809447,
    1320507.7421809447,
    1315507.7421809447,
    1310507.7421809447,
    1329885.2943198264,
    1324885.2943198264,
    1319885.2943198264,
    1314885.2943198264,
    1326415.5793340593,
    1321415.5793340593,
    1316415.5793340593,
    1327113.8787965213,
    1322113.8787965213,
    1317113.8787965213,
    1312113.8787965213,
    1325903.9513399964,
    1339328.3495742052,
    1339810.9051887398,
    1356767.7652125019,
    1351767.7652125019,
    1346767.7652125019,
    1341767.7652125019,
    1336767.7652125019,
    1352309.8027973494,
    1368108.7956337212,
    1363108.7956337212,
    1358108.7956337212,
    1422552.793759181,
    1417552.793759181,
    1412552.793759181,
    1407552.793759181,
    1421541.568199445,
    1416541.568199445,
    1436341.2896345346,
    1431169.0771418319,
    1426169.0771418319,
    1441030.9504988396,
