{
  "metrics": {
    "Variant": "0.50% stop, ATR\u00d73.0",
    "Capital_Risked": "5.0%",
    "Trades": 1264,
    "Win_rate_pct": 28.0,
    "Win_Loss_ratio": 3.0,
    "Cum_return_pct": 1411.0,
    "Max_DD_pct": 11.0,
    "Max_consec_losses": 24,
    "Max_consec_wins": 5,
    "Win_rate_30d_pct": 22.0,
    "Trades_30d": 36,
    "PnL_30d": -18239.0,
    "Win_rate_7d_pct": 29.0,
    "Trades_7d": 7,
    "PnL_7d": 21202.0,
    "Win_rate_3m_pct": 26.0,
    "Trades_3m": 74,
    "PnL_3m": -9624.0
  },
  "live_position": null,
  "equity_curve": [
    1146052.9477200846,
    1147264.0232546998,
    1168727.0720189603,
    1163727.0720189603,
    1158727.0720189603,
    1164309.040675414,
    1159309.040675414,
    1154309.040675414,
    1149309.040675414,
    1175170.1659764433,
    1170170.1659764433,
    1189204.92231829,
    1209407.3337300145,
    1201013.904585973,
    1196013.904585973,
    1191013.904585973,
    1186013.904585973,
    1181013.904585973,
    1189984.1636201912,
    1184984.1636201912,
    1179984.1636201912,
    1174984.1636201912,
    1169984.1636201912,
    1164984.1636201912,
    1159984.1636201912,
    1154984.1636201912,
    1161485.6836514948,
    1156485.6836514948,
    1167521.178297641,
    1191021.7910850472,
    1209383.2869735593,
    1204383.2869735593,
    1199383.2869735593,
    1194383.2869735593,
    1205825.5514636,
    1200825.5514636,
    1195825.5514636,
    1190825.5514636,
    1185825.5514636,
    1219147.2275463708,
    1214147.2275463708,
    1266166.976080286,
    1261166.976080286,
    1256166.976080286,
    1251166.976080286,
    1246166.976080286,
    1243913.7977831627,
    1238913.7977831627,
    1233913.7977831627,
    1228913.7977831627,
    1223913.7977831627,
    1218913.7977831627,
    1220701.7409737979,
    1215701.7409737979,
    1233938.0577413777,
    1228938.0577413777,
    1223938.0577413777,
    1218938.0577413777,
    1213938.0577413777,
    1208938.0577413777,
    1203938.0577413777,
    1205092.10783339,
    1200092.10783339,
    1211810.4212902926,
    1206810.4212902926,
    1201810.4212902926,
    1224258.337081182,
    1219258.337081182,
    1214258.337081182,
    1209258.337081182,
    1212600.6291354857,
    1207600.6291354857,
    1202600.6291354857,
    1197600.6291354857,
    1192600.6291354857,
    1187600.6291354857,
    1182600.6291354857,
    1187251.9629468217,
    1181944.2803933374,
    1181381.959413493,
    1176381.959413493,
    1189890.8435041555,
    1206063.0743508097,
    1201063.0743508097,
    1226734.634889079,
    1221734.634889079,
    1246640.4663622936,
    1241640.4663622936,
    1235374.1644346898,
    1230374.1644346898,
    1225374.1644346898,
    1220374.1644346898,
    1217528.2972313438,
    1212528.2972313438,
    1224247.8602739316,
    1219247.8602739316,
    1232690.8994101514,
    1227690.8994101514,
    1222690.8994101514,
    1217690.8994101514,
    1212690.8994101514,
    1207690.8994101514,
    1203396.6104890916,
    1198396.6104890916,
    1193396.6104890916,
    1188396.6104890916,
    1200264.9294440248,
    1229633.0694618234,
    1224633.0694618234,
    1219633.0694618234,
    1220584.6574242357,
    1215584.6574242357,
    1210584.6574242357,
    1205584.6574242357,
    1207671.2432294479,
    1202671.2432294479,
    1197671.2432294479,
    1209196.7328355059,
    1204196.7328355059,
    1199196.7328355059,
    1194196.7328355059,
    1188728.3158834132,
    1206041.1841455793,
    1201041.1841455793,
    1211607.552435525,
    1206607.552435525,
    1201607.552435525,
    1200247.4365738034,
    1195247.4365738034,
    1190247.4365738034,
    1197582.7585944403,
    1192582.7585944403,
    1187582.7585944403,
    1182582.7585944403,
    1184148.3688469508,
    1179148.3688469508,
    1174148.3688469508,
    1169148.3688469508,
    1164148.3688469508,
    1186175.5710833871,
    1181175.5710833871,
    1176175.5710833871,
    1177968.9866861028,
    1172968.9866861028,
    1167968.9866861028,
    1162968.9866861028,
    1174693.2243524115,
    1169693.2243524115,
    1164693.2243524115,
    1159693.2243524115,
    1156975.2670899462,
    1155596.2181073895,
    1150596.2181073895,
    1145596.2181073895,
    1169622.623364652,
    1164622.623364652,
    1159622.623364652,
    1154622.623364652,
    1144553.9873171207,
    1139553.9873171207,
    1157583.9895683124,
    1152583.9895683124,
    1160291.4394503012,
    1174506.6268716918,
    1192644.4523924375,
    1208134.0476703667,
    1215033.8902050809,
    1210033.8902050809,
    1205033.8902050809,
    1201811.6388274895,
    1196811.6388274895,
    1191811.6388274895,
    1186811.6388274895,
    1181811.6388274895,
    1176811.6388274895,
    1171811.6388274895,
    1181405.2125897938,
    1176405.2125897938,
    1171405.2125897938,
    1187962.750819612,
    1185092.938756041,
    1184133.0988655037,
    1182802.3451470707,
    1205635.9800312857,
    1217224.8941253782,
    1230059.2632148138,
    1225059.2632148138,
    1220059.2632148138,
    1215059.2632148138,
    1234425.8188072757,
    1250290.1283300805,
    1245290.1283300805,
    1255163.838962704,
    1250163.838962704,
    1245163.838962704,
    1240163.838962704,
    1274754.4369544107,
    1269754.4369544107,
    1290783.266334418,
    1285783.266334418,
    1284221.2754188804,
    1280022.6086629482,
    1275022.6086629482,
    1270022.6086629482,
    1265022.6086629482,
    1273600.8770497018,
    1278082.809859181,
    1278759.8845042074,
    1273759.8845042074,
    1310121.5544155203,
    1305121.5544155203,
    1300121.5544155203,
    1292490.3648417722,
    1319635.6429191104,
    1322479.7072323312,
    1317479.7072323312,
    1312479.7072323312,
    1307479.7072323312,
    1302479.7072323312,
    1297479.7072323312,
    1292479.7072323312,
    1287479.7072323312,
    1293938.4327520975,
    1296914.4367618712,
    1294836.632240075,
    1303710.9547637848,
    1298710.9547637848,
    1293710.9547637848,
    1288710.9547637848,
    1283710.9547637848,
    1278710.9547637848,
    1273710.9547637848,
    1268710.9547637848,
    1263710.9547637848,
    1258710.9547637848,
    1260213.2733026322,
    1255213.2733026322,
    1250213.2733026322,
    1245213.2733026322,
    1240213.2733026322,
    1269547.8541067943,
    1264547.8541067943,
    1259547.8541067943,
    1302688.956049619,
    1299620.615742785,
    1294620.615742785,
    1289620.615742785,
    1284620.615742785,
    1279620.615742785,
    1274620.615742785,
    1293998.1678816667,
    1288998.1678816667,
    1283998.1678816667,
    1278998.1678816667,
    1290528.4528958995,
    1285528.4528958995,
    1280528.4528958995,
    1291226.7523583616,
    1286226.7523583616,
    1281226.7523583616,
    1276226.7523583616,
    1290016.8249018367,
    1303441.2231360455,
    1303923.77875058,
    1320880.6387743421,
    1315880.6387743421,
    1310880.6387743421,
    1305880.6387743421,
    1300880.6387743421,
    1316422.6763591897,
    1332221.6691955614,
    1327221.6691955614,
    1322221.6691955614,
    1386665.6673210212,
    1381665.6673210212,
    1376665.6673210212,
    1371665.6673210212,
    1385654.4417612853,
    1380654.4417612853,
    1400454.163196375,
    1395281.9507036721,
    1390281.9507036721,
    1405143.8240606799,
    1400143.8240606799,
    1411439.756975268,
    1406439.756975268,
    1402392.9510613643,
    1398591.283928015,
    1393591.283928015,
    1404429.5894854756,
    1408698.1269830982,
    1403698.1269830982,
    1404898.8094763048,
    1399898.8094763048,
    1408841.2748840519,
    1403841.2748840519,
    1398841.2748840519,
    1400020.5702816125,
    1395020.5702816125,
    1396011.1494608764,
    1409476.83255737,
    1411724.497093438,
    1409766.5635856353,
    1409119.9577835544,
    1404119.9577835544,
    1402625.2037951483,
    1397625.2037951483,
    1405285.677329053,
    1412639.2167064322,
    1407639.2167064322,
    1406541.7137684266,
    1401541.7137684266,
    1393572.2729866067,
    1388572.2729866067,
