{
  "metrics": {
    "Variant": "0.50% stop, ATR\u00d73.0",
    "Capital_Risked": "5.0%",
    "Trades": 1255,
    "Win_rate_pct": 28.0,
    "Win_Loss_ratio": 3.0,
    "Cum_return_pct": 1442.0,
    "Max_DD_pct": 11.0,
    "Max_consec_losses": 25,
    "Max_consec_wins": 6,
    "Win_rate_30d_pct": 23.0,
    "Trades_30d": 35,
    "PnL_30d": -15276.0,
    "Win_rate_7d_pct": 18.0,
    "Trades_7d": 11,
    "PnL_7d": -10587.0,
    "Win_rate_3m_pct": 25.0,
    "Trades_3m": 55,
    "PnL_3m": -24247.0
  },
  "live_position": null,
  "equity_curve": [
    1187450.446564408,
    1182450.446564408,
    1193334.6301928472,
    1188334.6301928472,
    1197471.9342297632,
    1213307.4981569306,
    1208307.4981569306,
    1203307.4981569306,
    1203209.3627300414,
    1198209.3627300414,
    1193209.3627300414,
    1188209.3627300414,
    1183209.3627300414,
    1178209.3627300414,
    1173209.3627300414,
    1182369.1858506985,
    1177369.1858506985,
    1190341.2818622359,
    1185341.2818622359,
    1186552.357396851,
    1208015.4061611115,
    1203015.4061611115,
    1198015.4061611115,
    1203597.3748175653,
    1198597.3748175653,
    1193597.3748175653,
    1188597.3748175653,
    1214458.5001185946,
    1209458.5001185946,
    1228493.2564604413,
    1248695.6678721658,
    1240302.2387281242,
    1235302.2387281242,
    1230302.2387281242,
    1225302.2387281242,
    1220302.2387281242,
    1229272.4977623424,
    1224272.4977623424,
    1219272.4977623424,
    1214272.4977623424,
    1209272.4977623424,
    1204272.4977623424,
    1199272.4977623424,
    1194272.4977623424,
    1200774.017793646,
    1195774.017793646,
    1206809.5124397923,
    1230310.1252271985,
    1248671.6211157106,
    1243671.6211157106,
    1238671.6211157106,
    1233671.6211157106,
    1245113.8856057513,
    1240113.8856057513,
    1235113.8856057513,
    1230113.8856057513,
    1225113.8856057513,
    1258435.561688522,
    1253435.561688522,
    1305455.3102224374,
    1300455.3102224374,
    1295455.3102224374,
    1290455.3102224374,
    1285455.3102224374,
    1283202.131925314,
    1278202.131925314,
    1273202.131925314,
    1268202.131925314,
    1263202.131925314,
    1258202.131925314,
    1259990.0751159491,
    1254990.0751159491,
    1273226.391883529,
    1268226.391883529,
    1263226.391883529,
    1258226.391883529,
    1253226.391883529,
    1248226.391883529,
    1243226.391883529,
    1244380.4419755412,
    1239380.4419755412,
    1251098.755432444,
    1246098.755432444,
    1241098.755432444,
    1263546.6712233333,
    1258546.6712233333,
    1253546.6712233333,
    1248546.6712233333,
    1251888.963277637,
    1246888.963277637,
    1241888.963277637,
    1236888.963277637,
    1231888.963277637,
    1226888.963277637,
    1221888.963277637,
    1226540.297088973,
    1221232.6145354887,
    1220670.2935556443,
    1215670.2935556443,
    1229179.1776463068,
    1245351.408492961,
    1240351.408492961,
    1266022.9690312303,
    1261022.9690312303,
    1285928.8005044449,
    1280928.8005044449,
    1274662.498576841,
    1269662.498576841,
    1264662.498576841,
    1259662.498576841,
    1256816.631373495,
    1251816.631373495,
    1263536.194416083,
    1258536.194416083,
    1271979.2335523027,
    1266979.2335523027,
    1261979.2335523027,
    1256979.2335523027,
    1251979.2335523027,
    1246979.2335523027,
    1242684.944631243,
    1237684.944631243,
    1232684.944631243,
    1227684.944631243,
    1239553.263586176,
    1268921.4036039747,
    1263921.4036039747,
    1258921.4036039747,
    1259872.991566387,
    1254872.991566387,
    1249872.991566387,
    1244872.991566387,
    1246959.5773715992,
    1241959.5773715992,
    1236959.5773715992,
    1248485.0669776571,
    1243485.0669776571,
    1238485.0669776571,
    1233485.0669776571,
    1228016.6500255645,
    1245329.5182877306,
    1240329.5182877306,
    1250895.8865776763,
    1245895.8865776763,
    1240895.8865776763,
    1239535.7707159547,
    1234535.7707159547,
    1229535.7707159547,
    1236871.0927365916,
    1231871.0927365916,
    1226871.0927365916,
    1221871.0927365916,
    1223436.702989102,
    1218436.702989102,
    1213436.702989102,
    1208436.702989102,
    1203436.702989102,
    1225463.9052255384,
    1220463.9052255384,
    1215463.9052255384,
    1217257.320828254,
    1212257.320828254,
    1207257.320828254,
    1202257.320828254,
    1213981.5584945627,
    1208981.5584945627,
    1203981.5584945627,
    1198981.5584945627,
    1196263.6012320975,
    1194884.5522495408,
    1189884.5522495408,
    1184884.5522495408,
    1208910.9575068033,
    1203910.9575068033,
    1198910.9575068033,
    1193910.9575068033,
    1183842.321459272,
    1178842.321459272,
    1196872.323710464,
    1191872.323710464,
    1199579.7735924528,
    1213794.9610138433,
    1231932.786534589,
    1247422.3818125182,
    1254322.2243472324,
    1249322.2243472324,
    1244322.2243472324,
    1241099.972969641,
    1236099.972969641,
    1231099.972969641,
    1226099.972969641,
    1221099.972969641,
    1216099.972969641,
    1211099.972969641,
    1220693.5467319454,
    1215693.5467319454,
    1210693.5467319454,
    1227251.0849617636,
    1224381.2728981925,
    1223421.4330076552,
    1222090.6792892222,
    1244924.3141734372,
    1256513.2282675297,
    1269347.5973569653,
    1264347.5973569653,
    1259347.5973569653,
    1254347.5973569653,
    1273714.1529494273,
    1289578.462472232,
    1284578.462472232,
    1294452.1731048555,
    1289452.1731048555,
    1284452.1731048555,
    1279452.1731048555,
    1314042.7710965623,
    1309042.7710965623,
    1330071.6004765695,
    1325071.6004765695,
    1323509.609561032,
    1319310.9428050998,
    1314310.9428050998,
    1309310.9428050998,
    1304310.9428050998,
    1312889.2111918533,
    1317371.1440013326,
    1318048.218646359,
    1313048.218646359,
    1349409.8885576718,
    1344409.8885576718,
    1339409.8885576718,
    1331778.6989839238,
    1358923.977061262,
    1361768.0413744827,
    1356768.0413744827,
    1351768.0413744827,
    1346768.0413744827,
    1341768.0413744827,
    1336768.0413744827,
    1331768.0413744827,
    1326768.0413744827,
    1333226.766894249,
    1336202.7709040227,
    1334124.9663822264,
    1342999.2889059363,
    1337999.2889059363,
    1332999.2889059363,
    1327999.2889059363,
    1322999.2889059363,
    1317999.2889059363,
    1312999.2889059363,
    1307999.2889059363,
    1302999.2889059363,
    1297999.2889059363,
    1299501.6074447837,
    1294501.6074447837,
    1289501.6074447837,
    1284501.6074447837,
    1279501.6074447837,
    1308836.1882489459,
    1303836.1882489459,
    1298836.1882489459,
    1341977.2901917705,
    1338908.9498849364,
    1333908.9498849364,
    1328908.9498849364,
    1323908.9498849364,
    1318908.9498849364,
    1313908.9498849364,
    1333286.5020238182,
    1328286.5020238182,
    1323286.5020238182,
    1318286.5020238182,
    1329816.787038051,
    1324816.787038051,
    1319816.787038051,
    1330515.0865005131,
    1325515.0865005131,
    1320515.0865005131,
    1315515.0865005131,
    1329305.1590439882,
    1342729.557278197,
    1343212.1128927316,
    1360168.9729164937,
    1355168.9729164937,
    1350168.9729164937,
    1345168.9729164937,
    1340168.9729164937,
    1355711.0105013412,
    1371510.003337713,
    1366510.003337713,
    1361510.003337713,
    1425954.0014631727,
    1420954.0014631727,
    1415954.0014631727,
    1410954.0014631727,
    1424942.7759034368,
    1419942.7759034368,
    1439742.4973385264,
    1434570.2848458237,
    1429570.2848458237,
    1444432.1582028314,
    1439432.1582028314,
    1450728.0911174195,
    1445728.0911174195,
    1441681.2852035158,
    1437879.6180701666,
    1432879.6180701666,
    1443717.923627627,
    1447986.4611252497,
    1442986.4611252497,
    1444187.1436184563,
    1439187.1436184563,
    1448129.6090262034,
    1443129.6090262034,
