{
  "metrics": {
    "Variant": "0.50% stop, ATR\u00d73.0",
    "Capital_Risked": "5.0%",
    "Trades": 1269,
    "Win_rate_pct": 28.0,
    "Win_Loss_ratio": 3.0,
    "Cum_return_pct": 1403.0,
    "Max_DD_pct": 11.0,
    "Max_consec_losses": 24,
    "Max_consec_wins": 5,
    "Win_rate_30d_pct": 28.0,
    "Trades_30d": 32,
    "PnL_30d": 14837.0,
    "Win_rate_7d_pct": 50.0,
    "Trades_7d": 8,
    "PnL_7d": 25215.0,
    "Win_rate_3m_pct": 26.0,
    "Trades_3m": 88,
    "PnL_3m": -14409.0
  },
  "live_position": null,
  "equity_curve": [
    1196981.3431036028,
    1217183.7545153273,
    1208790.3253712857,
    1203790.3253712857,
    1198790.3253712857,
    1193790.3253712857,
    1188790.3253712857,
    1197760.584405504,
    1192760.584405504,
    1187760.584405504,
    1182760.584405504,
    1177760.584405504,
    1172760.584405504,
    1167760.584405504,
    1162760.584405504,
    1169262.1044368076,
    1164262.1044368076,
    1175297.5990829538,
    1198798.21187036,
    1217159.707758872,
    1212159.707758872,
    1207159.707758872,
    1202159.707758872,
    1213601.9722489128,
    1208601.9722489128,
    1203601.9722489128,
    1198601.9722489128,
    1193601.9722489128,
    1226923.6483316836,
    1221923.6483316836,
    1273943.3968655989,
    1268943.3968655989,
    1263943.3968655989,
    1258943.3968655989,
    1253943.3968655989,
    1251690.2185684755,
    1246690.2185684755,
    1241690.2185684755,
    1236690.2185684755,
    1231690.2185684755,
    1226690.2185684755,
    1228478.1617591106,
    1223478.1617591106,
    1241714.4785266905,
    1236714.4785266905,
    1231714.4785266905,
    1226714.4785266905,
    1221714.4785266905,
    1216714.4785266905,
    1217868.5286187027,
    1212868.5286187027,
    1224586.8420756054,
    1219586.8420756054,
    1214586.8420756054,
    1237034.7578664948,
    1232034.7578664948,
    1227034.7578664948,
    1222034.7578664948,
    1217034.7578664948,
    1212034.7578664948,
    1207034.7578664948,
    1202034.7578664948,
    1197034.7578664948,
    1192034.7578664948,
    1196686.0916778308,
    1191378.4091243464,
    1190816.0881445021,
    1185816.0881445021,
    1199324.9722351646,
    1215497.2030818188,
    1210497.2030818188,
    1236168.763620088,
    1231168.763620088,
    1256074.5950933027,
    1251074.5950933027,
    1244808.2931656989,
    1239808.2931656989,
    1234808.2931656989,
    1229808.2931656989,
    1226962.425962353,
    1221962.425962353,
    1233681.9890049407,
    1228681.9890049407,
    1242125.0281411605,
    1237125.0281411605,
    1232125.0281411605,
    1227125.0281411605,
    1222125.0281411605,
    1217125.0281411605,
    1212830.7392201007,
    1207830.7392201007,
    1202830.7392201007,
    1197830.7392201007,
    1227198.8792378993,
    1222198.8792378993,
    1217198.8792378993,
    1218150.4672003116,
    1213150.4672003116,
    1208150.4672003116,
    1203150.4672003116,
    1205237.0530055237,
    1200237.0530055237,
    1195237.0530055237,
    1206762.5426115817,
    1201762.5426115817,
    1196762.5426115817,
    1191762.5426115817,
    1186294.125659489,
    1203606.9939216552,
    1198606.9939216552,
    1209173.3622116009,
    1204173.3622116009,
    1199173.3622116009,
    1197813.2463498793,
    1192813.2463498793,
    1187813.2463498793,
    1195148.5683705162,
    1190148.5683705162,
    1185148.5683705162,
    1180148.5683705162,
    1181714.1786230267,
    1176714.1786230267,
    1171714.1786230267,
    1166714.1786230267,
    1161714.1786230267,
    1183741.380859463,
    1178741.380859463,
    1173741.380859463,
    1175534.7964621787,
    1170534.7964621787,
    1165534.7964621787,
    1160534.7964621787,
    1172259.0341284873,
    1167259.0341284873,
    1162259.0341284873,
    1157259.0341284873,
    1154541.076866022,
    1153162.0278834654,
    1148162.0278834654,
    1143162.0278834654,
    1167188.433140728,
    1162188.433140728,
    1157188.433140728,
    1152188.433140728,
    1142119.7970931963,
    1137119.7970931963,
    1155149.7993443883,
    1150149.7993443883,
    1157857.249226377,
    1172072.4366477677,
    1190210.2621685134,
    1205699.8574464426,
    1212599.6999811567,
    1207599.6999811567,
    1202599.6999811567,
    1199377.4486035653,
    1194377.4486035653,
    1189377.4486035653,
    1184377.4486035653,
    1179377.4486035653,
    1174377.4486035653,
    1169377.4486035653,
    1178971.0223658697,
    1173971.0223658697,
    1168971.0223658697,
    1185528.560595688,
    1182658.7485321169,
    1181698.9086415796,
    1180368.1549231466,
    1203201.7898073616,
    1214790.703901454,
    1227625.0729908897,
    1222625.0729908897,
    1217625.0729908897,
    1212625.0729908897,
    1231991.6285833516,
    1247855.9381061564,
    1242855.9381061564,
    1252729.6487387798,
    1247729.6487387798,
    1242729.6487387798,
    1237729.6487387798,
    1272320.2467304866,
    1267320.2467304866,
    1288349.0761104939,
    1283349.0761104939,
    1281787.0851949563,
    1277588.4184390241,
    1272588.4184390241,
    1267588.4184390241,
    1262588.4184390241,
    1271166.6868257776,
    1275648.619635257,
    1276325.6942802833,
    1271325.6942802833,
    1307687.3641915962,
    1302687.3641915962,
    1297687.3641915962,
    1290056.1746178481,
    1317201.4526951862,
    1320045.517008407,
    1315045.517008407,
    1310045.517008407,
    1305045.517008407,
    1300045.517008407,
    1295045.517008407,
    1290045.517008407,
    1285045.517008407,
    1291504.2425281734,
    1294480.246537947,
    1292402.4420161508,
    1301276.7645398607,
    1296276.7645398607,
    1291276.7645398607,
    1286276.7645398607,
    1281276.7645398607,
    1276276.7645398607,
    1271276.7645398607,
    1266276.7645398607,
    1261276.7645398607,
    1256276.7645398607,
    1257779.083078708,
    1252779.083078708,
    1247779.083078708,
    1242779.083078708,
    1237779.083078708,
    1267113.6638828702,
    1262113.6638828702,
    1257113.6638828702,
    1300254.765825695,
    1297186.4255188608,
    1292186.4255188608,
    1287186.4255188608,
    1282186.4255188608,
    1277186.4255188608,
    1272186.4255188608,
    1291563.9776577426,
    1286563.9776577426,
    1281563.9776577426,
    1276563.9776577426,
    1288094.2626719754,
    1283094.2626719754,
    1278094.2626719754,
    1288792.5621344375,
    1283792.5621344375,
    1278792.5621344375,
    1273792.5621344375,
    1287582.6346779126,
    1301007.0329121214,
    1301489.588526656,
    1318446.448550418,
    1313446.448550418,
    1308446.448550418,
    1303446.448550418,
    1298446.448550418,
    1313988.4861352656,
    1329787.4789716373,
    1324787.4789716373,
    1319787.4789716373,
    1384231.477097097,
    1379231.477097097,
    1374231.477097097,
    1369231.477097097,
    1383220.2515373612,
    1378220.2515373612,
    1398019.9729724508,
    1392847.760479748,
    1387847.760479748,
    1402709.6338367558,
    1397709.6338367558,
    1409005.566751344,
    1404005.566751344,
    1399958.7608374401,
    1396157.093704091,
    1391157.093704091,
    1401995.3992615514,
    1406263.936759174,
    1401263.936759174,
    1402464.6192523807,
    1397464.6192523807,
    1406407.0846601278,
    1401407.0846601278,
    1396407.0846601278,
    1397586.3800576883,
    1392586.3800576883,
    1393576.9592369522,
    1407042.6423334458,
    1409290.3068695138,
    1407332.3733617112,
    1406685.7675596303,
    1401685.7675596303,
    1400191.0135712242,
    1395191.0135712242,
    1402851.4871051288,
    1410205.026482508,
    1405205.026482508,
    1404107.5235445024,
    1399107.5235445024,
    1391138.0827626826,
    1386138.0827626826,
    1381138.0827626826,
    1391834.1964168688,
    1386834.1964168688,
    1381834.1964168688,
    1400199.4876353454,
    1395199.4876353454,
    1396852.7793577411,
    1405677.188767295,
    1400677.188767295,
    1408868.9363401108,
    1399974.8343396306,
    1403644.038557324,
    1399692.533428059,
