{
  "metrics": {
    "Variant": "0.50% stop, ATR\u00d73.0",
    "Capital_Risked": "5.0%",
    "Trades": 1259,
    "Win_rate_pct": 28.0,
    "Win_Loss_ratio": 3.0,
    "Cum_return_pct": 1455.0,
    "Max_DD_pct": 11.0,
    "Max_consec_losses": 24,
    "Max_consec_wins": 6,
    "Win_rate_30d_pct": 19.0,
    "Trades_30d": 37,
    "PnL_30d": -20370.0,
    "Win_rate_7d_pct": 25.0,
    "Trades_7d": 8,
    "PnL_7d": 719.0,
    "Win_rate_3m_pct": 25.0,
    "Trades_3m": 65,
    "PnL_3m": -33527.0
  },
  "live_position": null,
  "equity_curve": [
    1222681.046450482,
    1217681.046450482,
    1212681.046450482,
    1207681.046450482,
    1202681.046450482,
    1197681.046450482,
    1206840.869571139,
    1201840.869571139,
    1214812.9655826765,
    1209812.9655826765,
    1211024.0411172917,
    1232487.0898815522,
    1227487.0898815522,
    1222487.0898815522,
    1228069.058538006,
    1223069.058538006,
    1218069.058538006,
    1213069.058538006,
    1238930.1838390352,
    1233930.1838390352,
    1252964.9401808819,
    1273167.3515926064,
    1264773.9224485648,
    1259773.9224485648,
    1254773.9224485648,
    1249773.9224485648,
    1244773.9224485648,
    1253744.181482783,
    1248744.181482783,
    1243744.181482783,
    1238744.181482783,
    1233744.181482783,
    1228744.181482783,
    1223744.181482783,
    1218744.181482783,
    1225245.7015140867,
    1220245.7015140867,
    1231281.1961602329,
    1254781.808947639,
    1273143.3048361512,
    1268143.3048361512,
    1263143.3048361512,
    1258143.3048361512,
    1269585.569326192,
    1264585.569326192,
    1259585.569326192,
    1254585.569326192,
    1249585.569326192,
    1282907.2454089627,
    1277907.2454089627,
    1329926.993942878,
    1324926.993942878,
    1319926.993942878,
    1314926.993942878,
    1309926.993942878,
    1307673.8156457546,
    1302673.8156457546,
    1297673.8156457546,
    1292673.8156457546,
    1287673.8156457546,
    1282673.8156457546,
    1284461.7588363898,
    1279461.7588363898,
    1297698.0756039696,
    1292698.0756039696,
    1287698.0756039696,
    1282698.0756039696,
    1277698.0756039696,
    1272698.0756039696,
    1267698.0756039696,
    1268852.1256959818,
    1263852.1256959818,
    1275570.4391528845,
    1270570.4391528845,
    1265570.4391528845,
    1288018.354943774,
    1283018.354943774,
    1278018.354943774,
    1273018.354943774,
    1276360.6469980776,
    1271360.6469980776,
    1266360.6469980776,
    1261360.6469980776,
    1256360.6469980776,
    1251360.6469980776,
    1246360.6469980776,
    1251011.9808094136,
    1245704.2982559293,
    1245141.977276085,
    1240141.977276085,
    1253650.8613667474,
    1269823.0922134016,
    1264823.0922134016,
    1290494.652751671,
    1285494.652751671,
    1310400.4842248855,
    1305400.4842248855,
    1299134.1822972817,
    1294134.1822972817,
    1289134.1822972817,
    1284134.1822972817,
    1281288.3150939357,
    1276288.3150939357,
    1288007.8781365235,
    1283007.8781365235,
    1296450.9172727433,
    1291450.9172727433,
    1286450.9172727433,
    1281450.9172727433,
    1276450.9172727433,
    1271450.9172727433,
    1267156.6283516835,
    1262156.6283516835,
    1257156.6283516835,
    1252156.6283516835,
    1264024.9473066167,
    1293393.0873244153,
    1288393.0873244153,
    1283393.0873244153,
    1284344.6752868276,
    1279344.6752868276,
    1274344.6752868276,
    1269344.6752868276,
    1271431.2610920398,
    1266431.2610920398,
    1261431.2610920398,
    1272956.7506980977,
    1267956.7506980977,
    1262956.7506980977,
    1257956.7506980977,
    1252488.333746005,
    1269801.2020081712,
    1264801.2020081712,
    1275367.570298117,
    1270367.570298117,
    1265367.570298117,
    1264007.4544363953,
    1259007.4544363953,
    1254007.4544363953,
    1261342.7764570322,
    1256342.7764570322,
    1251342.7764570322,
    1246342.7764570322,
    1247908.3867095427,
    1242908.3867095427,
    1237908.3867095427,
    1232908.3867095427,
    1227908.3867095427,
    1249935.588945979,
    1244935.588945979,
    1239935.588945979,
    1241729.0045486947,
    1236729.0045486947,
    1231729.0045486947,
    1226729.0045486947,
    1238453.2422150034,
    1233453.2422150034,
    1228453.2422150034,
    1223453.2422150034,
    1220735.284952538,
    1219356.2359699814,
    1214356.2359699814,
    1209356.2359699814,
    1233382.641227244,
    1228382.641227244,
    1223382.641227244,
    1218382.641227244,
    1208314.0051797125,
    1203314.0051797125,
    1221344.0074309045,
    1216344.0074309045,
    1224051.4573128934,
    1238266.644734284,
    1256404.4702550296,
    1271894.0655329588,
    1278793.908067673,
    1273793.908067673,
    1268793.908067673,
    1265571.6566900816,
    1260571.6566900816,
    1255571.6566900816,
    1250571.6566900816,
    1245571.6566900816,
    1240571.6566900816,
    1235571.6566900816,
    1245165.230452386,
    1240165.230452386,
    1235165.230452386,
    1251722.7686822042,
    1248852.9566186331,
    1247893.1167280958,
    1246562.3630096628,
    1269395.9978938778,
    1280984.9119879704,
    1293819.281077406,
    1288819.281077406,
    1283819.281077406,
    1278819.281077406,
    1298185.8366698679,
    1314050.1461926727,
    1309050.1461926727,
    1318923.856825296,
    1313923.856825296,
    1308923.856825296,
    1303923.856825296,
    1338514.4548170029,
    1333514.4548170029,
    1354543.28419701,
    1349543.28419701,
    1347981.2932814725,
    1343782.6265255404,
    1338782.6265255404,
    1333782.6265255404,
    1328782.6265255404,
    1337360.8949122939,
    1341842.8277217732,
    1342519.9023667995,
    1337519.9023667995,
    1373881.5722781124,
    1368881.5722781124,
    1363881.5722781124,
    1356250.3827043644,
    1383395.6607817025,
    1386239.7250949233,
    1381239.7250949233,
    1376239.7250949233,
    1371239.7250949233,
    1366239.7250949233,
    1361239.7250949233,
    1356239.7250949233,
    1351239.7250949233,
    1357698.4506146896,
    1360674.4546244633,
    1358596.650102667,
    1367470.972626377,
    1362470.972626377,
    1357470.972626377,
    1352470.972626377,
    1347470.972626377,
    1342470.972626377,
    1337470.972626377,
    1332470.972626377,
    1327470.972626377,
    1322470.972626377,
    1323973.2911652243,
    1318973.2911652243,
    1313973.2911652243,
    1308973.2911652243,
    1303973.2911652243,
    1333307.8719693865,
    1328307.8719693865,
    1323307.8719693865,
    1366448.9739122111,
    1363380.633605377,
    1358380.633605377,
    1353380.633605377,
    1348380.633605377,
    1343380.633605377,
    1338380.633605377,
    1357758.1857442588,
    1352758.1857442588,
    1347758.1857442588,
    1342758.1857442588,
    1354288.4707584917,
    1349288.4707584917,
    1344288.4707584917,
    1354986.7702209537,
    1349986.7702209537,
    1344986.7702209537,
    1339986.7702209537,
    1353776.8427644288,
    1367201.2409986376,
    1367683.7966131722,
    1384640.6566369343,
    1379640.6566369343,
    1374640.6566369343,
    1369640.6566369343,
    1364640.6566369343,
    1380182.6942217818,
    1395981.6870581536,
    1390981.6870581536,
    1385981.6870581536,
    1450425.6851836133,
    1445425.6851836133,
    1440425.6851836133,
    1435425.6851836133,
    1449414.4596238774,
    1444414.4596238774,
    1464214.181058967,
    1459041.9685662643,
    1454041.9685662643,
    1468903.841923272,
    1463903.841923272,
    1475199.7748378601,
    1470199.7748378601,
    1466152.9689239564,
    1462351.3017906072,
    1457351.3017906072,
    1468189.6073480677,
    1472458.1448456903,
    1467458.1448456903,
    1468658.827338897,
    1463658.827338897,
    1472601.292746644,
    1467601.292746644,
    1462601.292746644,
    1463780.5881442046,
    1458780.5881442046,
    1459771.1673234685,
    1473236.850419962,
    1475484.51495603,
    1473526.5814482274,
    1472879.9756461466,
    1467879.9756461466,
