{
  "metrics": {
    "Variant": "0.50% stop, ATR\u00d73.0",
    "Capital_Risked": "5.0%",
    "Trades": 1261,
    "Win_rate_pct": 28.0,
    "Win_Loss_ratio": 3.0,
    "Cum_return_pct": 1425.0,
    "Max_DD_pct": 11.0,
    "Max_consec_losses": 24,
    "Max_consec_wins": 6,
    "Win_rate_30d_pct": 19.0,
    "Trades_30d": 36,
    "PnL_30d": -44513.0,
    "Win_rate_7d_pct": 25.0,
    "Trades_7d": 8,
    "PnL_7d": 2629.0,
    "Win_rate_3m_pct": 26.0,
    "Trades_3m": 70,
    "PnL_3m": -15898.0
  },
  "live_position": null,
  "equity_curve": [
    1154792.0950531175,
    1163951.9181737746,
    1158951.9181737746,
    1171924.014185312,
    1166924.014185312,
    1168135.0897199272,
    1189598.1384841877,
    1184598.1384841877,
    1179598.1384841877,
    1185180.1071406414,
    1180180.1071406414,
    1175180.1071406414,
    1170180.1071406414,
    1196041.2324416707,
    1191041.2324416707,
    1210075.9887835174,
    1230278.400195242,
    1221884.9710512003,
    1216884.9710512003,
    1211884.9710512003,
    1206884.9710512003,
    1201884.9710512003,
    1210855.2300854186,
    1205855.2300854186,
    1200855.2300854186,
    1195855.2300854186,
    1190855.2300854186,
    1185855.2300854186,
    1180855.2300854186,
    1175855.2300854186,
    1182356.7501167222,
    1177356.7501167222,
    1188392.2447628684,
    1211892.8575502746,
    1230254.3534387867,
    1225254.3534387867,
    1220254.3534387867,
    1215254.3534387867,
    1226696.6179288274,
    1221696.6179288274,
    1216696.6179288274,
    1211696.6179288274,
    1206696.6179288274,
    1240018.2940115982,
    1235018.2940115982,
    1287038.0425455135,
    1282038.0425455135,
    1277038.0425455135,
    1272038.0425455135,
    1267038.0425455135,
    1264784.86424839,
    1259784.86424839,
    1254784.86424839,
    1249784.86424839,
    1244784.86424839,
    1239784.86424839,
    1241572.8074390253,
    1236572.8074390253,
    1254809.1242066051,
    1249809.1242066051,
    1244809.1242066051,
    1239809.1242066051,
    1234809.1242066051,
    1229809.1242066051,
    1224809.1242066051,
    1225963.1742986173,
    1220963.1742986173,
    1232681.48775552,
    1227681.48775552,
    1222681.48775552,
    1245129.4035464094,
    1240129.4035464094,
    1235129.4035464094,
    1230129.4035464094,
    1233471.6956007131,
    1228471.6956007131,
    1223471.6956007131,
    1218471.6956007131,
    1213471.6956007131,
    1208471.6956007131,
    1203471.6956007131,
    1208123.029412049,
    1202815.3468585648,
    1202253.0258787205,
    1197253.0258787205,
    1210761.909969383,
    1226934.140816037,
    1221934.140816037,
    1247605.7013543064,
    1242605.7013543064,
    1267511.532827521,
    1262511.532827521,
    1256245.2308999172,
    1251245.2308999172,
    1246245.2308999172,
    1241245.2308999172,
    1238399.3636965712,
    1233399.3636965712,
    1245118.926739159,
    1240118.926739159,
    1253561.9658753788,
    1248561.9658753788,
    1243561.9658753788,
    1238561.9658753788,
    1233561.9658753788,
    1228561.9658753788,
    1224267.676954319,
    1219267.676954319,
    1214267.676954319,
    1209267.676954319,
    1221135.9959092522,
    1250504.1359270508,
    1245504.1359270508,
    1240504.1359270508,
    1241455.723889463,
    1236455.723889463,
    1231455.723889463,
    1226455.723889463,
    1228542.3096946753,
    1223542.3096946753,
    1218542.3096946753,
    1230067.7993007333,
    1225067.7993007333,
    1220067.7993007333,
    1215067.7993007333,
    1209599.3823486406,
    1226912.2506108067,
    1221912.2506108067,
    1232478.6189007524,
    1227478.6189007524,
    1222478.6189007524,
    1221118.5030390308,
    1216118.5030390308,
    1211118.5030390308,
    1218453.8250596677,
    1213453.8250596677,
    1208453.8250596677,
    1203453.8250596677,
    1205019.4353121782,
    1200019.4353121782,
    1195019.4353121782,
    1190019.4353121782,
    1185019.4353121782,
    1207046.6375486145,
    1202046.6375486145,
    1197046.6375486145,
    1198840.0531513302,
    1193840.0531513302,
    1188840.0531513302,
    1183840.0531513302,
    1195564.2908176389,
    1190564.2908176389,
    1185564.2908176389,
    1180564.2908176389,
    1177846.3335551736,
    1176467.284572617,
    1171467.284572617,
    1166467.284572617,
    1190493.6898298794,
    1185493.6898298794,
    1180493.6898298794,
    1175493.6898298794,
    1165425.053782348,
    1160425.053782348,
    1178455.05603354,
    1173455.05603354,
    1181162.5059155289,
    1195377.6933369194,
    1213515.5188576651,
    1229005.1141355943,
    1235904.9566703085,
    1230904.9566703085,
    1225904.9566703085,
    1222682.705292717,
    1217682.705292717,
    1212682.705292717,
    1207682.705292717,
    1202682.705292717,
    1197682.705292717,
    1192682.705292717,
    1202276.2790550215,
    1197276.2790550215,
    1192276.2790550215,
    1208833.8172848397,
    1205964.0052212686,
    1205004.1653307313,
    1203673.4116122983,
    1226507.0464965133,
    1238095.9605906059,
    1250930.3296800414,
    1245930.3296800414,
    1240930.3296800414,
    1235930.3296800414,
    1255296.8852725034,
    1271161.1947953082,
    1266161.1947953082,
    1276034.9054279316,
    1271034.9054279316,
    1266034.9054279316,
    1261034.9054279316,
    1295625.5034196384,
    1290625.5034196384,
    1311654.3327996456,
    1306654.3327996456,
    1305092.341884108,
    1300893.6751281759,
    1295893.6751281759,
    1290893.6751281759,
    1285893.6751281759,
    1294471.9435149294,
    1298953.8763244087,
    1299630.950969435,
    1294630.950969435,
    1330992.620880748,
    1325992.620880748,
    1320992.620880748,
    1313361.4313069999,
    1340506.709384338,
    1343350.7736975588,
    1338350.7736975588,
    1333350.7736975588,
    1328350.7736975588,
    1323350.7736975588,
    1318350.7736975588,
    1313350.7736975588,
    1308350.7736975588,
    1314809.4992173251,
    1317785.5032270988,
    1315707.6987053026,
    1324582.0212290124,
    1319582.0212290124,
    1314582.0212290124,
    1309582.0212290124,
    1304582.0212290124,
    1299582.0212290124,
    1294582.0212290124,
    1289582.0212290124,
    1284582.0212290124,
    1279582.0212290124,
    1281084.3397678598,
    1276084.3397678598,
    1271084.3397678598,
    1266084.3397678598,
    1261084.3397678598,
    1290418.920572022,
    1285418.920572022,
    1280418.920572022,
    1323560.0225148466,
    1320491.6822080126,
    1315491.6822080126,
    1310491.6822080126,
    1305491.6822080126,
    1300491.6822080126,
    1295491.6822080126,
    1314869.2343468943,
    1309869.2343468943,
    1304869.2343468943,
    1299869.2343468943,
    1311399.5193611272,
    1306399.5193611272,
    1301399.5193611272,
    1312097.8188235892,
    1307097.8188235892,
    1302097.8188235892,
    1297097.8188235892,
    1310887.8913670643,
    1324312.2896012731,
    1324794.8452158077,
    1341751.7052395698,
    1336751.7052395698,
    1331751.7052395698,
    1326751.7052395698,
    1321751.7052395698,
    1337293.7428244173,
    1353092.735660789,
    1348092.735660789,
    1343092.735660789,
    1407536.7337862488,
    1402536.7337862488,
    1397536.7337862488,
    1392536.7337862488,
    1406525.508226513,
    1401525.508226513,
    1421325.2296616025,
    1416153.0171688998,
    1411153.0171688998,
    1426014.8905259075,
    1421014.8905259075,
    1432310.8234404956,
    1427310.8234404956,
    1423264.017526592,
    1419462.3503932427,
    1414462.3503932427,
    1425300.6559507032,
    1429569.1934483259,
    1424569.1934483259,
    1425769.8759415324,
    1420769.8759415324,
    1429712.3413492795,
    1424712.3413492795,
    1419712.3413492795,
    1420891.63674684,
    1415891.63674684,
    1416882.215926104,
    1430347.8990225976,
    1432595.5635586656,
    1430637.630050863,
    1429991.024248782,
    1424991.024248782,
    1423496.270260376,
    1418496.270260376,
    1426156.7437942806,
    1433510.2831716598,
    1428510.2831716598,
