{
  "metrics": {
    "Variant": "0.50% stop, ATR\u00d73.0",
    "Capital_Risked": "5.0%",
    "Trades": 1265,
    "Win_rate_pct": 28.0,
    "Win_Loss_ratio": 3.0,
    "Cum_return_pct": 1406.0,
    "Max_DD_pct": 11.0,
    "Max_consec_losses": 24,
    "Max_consec_wins": 5,
    "Win_rate_30d_pct": 22.0,
    "Trades_30d": 37,
    "PnL_30d": -23239.0,
    "Win_rate_7d_pct": 12.0,
    "Trades_7d": 8,
    "PnL_7d": -13726.0,
    "Win_rate_3m_pct": 25.0,
    "Trades_3m": 76,
    "PnL_3m": -19624.0
  },
  "live_position": null,
  "equity_curve": [
    1147264.0232546998,
    1168727.0720189603,
    1163727.0720189603,
    1158727.0720189603,
    1164309.040675414,
    1159309.040675414,
    1154309.040675414,
    1149309.040675414,
    1175170.1659764433,
    1170170.1659764433,
    1189204.92231829,
    1209407.3337300145,
    1201013.904585973,
    1196013.904585973,
    1191013.904585973,
    1186013.904585973,
    1181013.904585973,
    1189984.1636201912,
    1184984.1636201912,
    1179984.1636201912,
    1174984.1636201912,
    1169984.1636201912,
    1164984.1636201912,
    1159984.1636201912,
    1154984.1636201912,
    1161485.6836514948,
    1156485.6836514948,
    1167521.178297641,
    1191021.7910850472,
    1209383.2869735593,
    1204383.2869735593,
    1199383.2869735593,
    1194383.2869735593,
    1205825.5514636,
    1200825.5514636,
    1195825.5514636,
    1190825.5514636,
    1185825.5514636,
    1219147.2275463708,
    1214147.2275463708,
    1266166.976080286,
    1261166.976080286,
    1256166.976080286,
    1251166.976080286,
    1246166.976080286,
    1243913.7977831627,
    1238913.7977831627,
    1233913.7977831627,
    1228913.7977831627,
    1223913.7977831627,
    1218913.7977831627,
    1220701.7409737979,
    1215701.7409737979,
    1233938.0577413777,
    1228938.0577413777,
    1223938.0577413777,
    1218938.0577413777,
    1213938.0577413777,
    1208938.0577413777,
    1210092.10783339,
    1205092.10783339,
    1216810.4212902926,
    1211810.4212902926,
    1206810.4212902926,
    1229258.337081182,
    1224258.337081182,
    1219258.337081182,
    1214258.337081182,
    1217600.6291354857,
    1212600.6291354857,
    1207600.6291354857,
    1202600.6291354857,
    1197600.6291354857,
    1192600.6291354857,
    1187600.6291354857,
    1192251.9629468217,
    1186944.2803933374,
    1186381.959413493,
    1181381.959413493,
    1194890.8435041555,
    1211063.0743508097,
    1206063.0743508097,
    1231734.634889079,
    1226734.634889079,
    1251640.4663622936,
    1246640.4663622936,
    1240374.1644346898,
    1235374.1644346898,
    1230374.1644346898,
    1225374.1644346898,
    1222528.2972313438,
    1217528.2972313438,
    1229247.8602739316,
    1224247.8602739316,
    1237690.8994101514,
    1232690.8994101514,
    1227690.8994101514,
    1222690.8994101514,
    1217690.8994101514,
    1212690.8994101514,
    1208396.6104890916,
    1203396.6104890916,
    1198396.6104890916,
    1193396.6104890916,
    1205264.9294440248,
    1234633.0694618234,
    1229633.0694618234,
    1224633.0694618234,
    1225584.6574242357,
    1220584.6574242357,
    1215584.6574242357,
    1210584.6574242357,
    1212671.2432294479,
    1207671.2432294479,
    1202671.2432294479,
    1214196.7328355059,
    1209196.7328355059,
    1204196.7328355059,
    1199196.7328355059,
    1193728.3158834132,
    1211041.1841455793,
    1206041.1841455793,
    1216607.552435525,
    1211607.552435525,
    1206607.552435525,
    1205247.4365738034,
    1200247.4365738034,
    1195247.4365738034,
    1202582.7585944403,
    1197582.7585944403,
    1192582.7585944403,
    1187582.7585944403,
    1189148.3688469508,
    1184148.3688469508,
    1179148.3688469508,
    1174148.3688469508,
    1169148.3688469508,
    1191175.5710833871,
    1186175.5710833871,
    1181175.5710833871,
    1182968.9866861028,
    1177968.9866861028,
    1172968.9866861028,
    1167968.9866861028,
    1179693.2243524115,
    1174693.2243524115,
    1169693.2243524115,
    1164693.2243524115,
    1161975.2670899462,
    1160596.2181073895,
    1155596.2181073895,
    1150596.2181073895,
    1174622.623364652,
    1169622.623364652,
    1164622.623364652,
    1159622.623364652,
    1149553.9873171207,
    1144553.9873171207,
    1162583.9895683127,
    1157583.9895683127,
    1165291.4394503015,
    1179506.626871692,
    1197644.4523924377,
    1213134.047670367,
    1220033.890205081,
    1215033.890205081,
    1210033.890205081,
    1206811.6388274897,
    1201811.6388274897,
    1196811.6388274897,
    1191811.6388274897,
    1186811.6388274897,
    1181811.6388274897,
    1176811.6388274897,
    1186405.212589794,
    1181405.212589794,
    1176405.212589794,
    1192962.7508196123,
    1190092.9387560412,
    1189133.098865504,
    1187802.345147071,
    1210635.980031286,
    1222224.8941253785,
    1235059.263214814,
    1230059.263214814,
    1225059.263214814,
    1220059.263214814,
    1239425.818807276,
    1255290.1283300808,
    1250290.1283300808,
    1260163.8389627042,
    1255163.8389627042,
    1250163.8389627042,
    1245163.8389627042,
    1279754.436954411,
    1274754.436954411,
    1295783.2663344182,
    1290783.2663344182,
    1289221.2754188806,
    1285022.6086629485,
    1280022.6086629485,
    1275022.6086629485,
    1270022.6086629485,
    1278600.877049702,
    1283082.8098591813,
    1283759.8845042076,
    1278759.8845042076,
    1315121.5544155205,
    1310121.5544155205,
    1305121.5544155205,
    1297490.3648417725,
    1324635.6429191106,
    1327479.7072323314,
    1322479.7072323314,
    1317479.7072323314,
    1312479.7072323314,
    1307479.7072323314,
    1302479.7072323314,
    1297479.7072323314,
    1292479.7072323314,
    1298938.4327520977,
    1301914.4367618714,
    1299836.6322400752,
    1308710.954763785,
    1303710.954763785,
    1298710.954763785,
    1293710.954763785,
    1288710.954763785,
    1283710.954763785,
    1278710.954763785,
    1273710.954763785,
    1268710.954763785,
    1263710.954763785,
    1265213.2733026324,
    1260213.2733026324,
    1255213.2733026324,
    1250213.2733026324,
    1245213.2733026324,
    1274547.8541067946,
    1269547.8541067946,
    1264547.8541067946,
    1307688.9560496192,
    1304620.6157427852,
    1299620.6157427852,
    1294620.6157427852,
    1289620.6157427852,
    1284620.6157427852,
    1279620.6157427852,
    1298998.167881667,
    1293998.167881667,
    1288998.167881667,
    1283998.167881667,
    1295528.4528958998,
    1290528.4528958998,
    1285528.4528958998,
    1296226.7523583618,
    1291226.7523583618,
    1286226.7523583618,
    1281226.7523583618,
    1295016.824901837,
    1308441.2231360457,
    1308923.7787505803,
    1325880.6387743424,
    1320880.6387743424,
    1315880.6387743424,
    1310880.6387743424,
    1305880.6387743424,
    1321422.67635919,
    1337221.6691955617,
    1332221.6691955617,
    1327221.6691955617,
    1391665.6673210214,
    1386665.6673210214,
    1381665.6673210214,
    1376665.6673210214,
    1390654.4417612855,
    1385654.4417612855,
    1405454.1631963751,
    1400281.9507036724,
    1395281.9507036724,
    1410143.82406068,
    1405143.82406068,
    1416439.7569752682,
    1411439.7569752682,
    1407392.9510613645,
    1403591.2839280153,
    1398591.2839280153,
    1409429.5894854758,
    1413698.1269830985,
    1408698.1269830985,
    1409898.809476305,
    1404898.809476305,
    1413841.274884052,
    1408841.274884052,
    1403841.274884052,
    1405020.5702816127,
    1400020.5702816127,
    1401011.1494608766,
    1414476.8325573702,
    1416724.4970934382,
    1414766.5635856355,
    1414119.9577835547,
    1409119.9577835547,
    1407625.2037951485,
    1402625.2037951485,
    1410285.6773290532,
    1417639.2167064324,
    1412639.2167064324,
    1411541.7137684268,
    1406541.7137684268,
    1398572.272986607,
    1393572.272986607,
    1388572.272986607,
    1399268.3866407932,
