{
  "metrics": {
    "Variant": "0.50% stop, ATR\u00d73.0",
    "Capital_Risked": "5.0%",
    "Trades": 1269,
    "Win_rate_pct": 27.0,
    "Win_Loss_ratio": 3.0,
    "Cum_return_pct": 1377.0,
    "Max_DD_pct": 11.0,
    "Max_consec_losses": 24,
    "Max_consec_wins": 5,
    "Win_rate_30d_pct": 26.0,
    "Trades_30d": 31,
    "PnL_30d": -5366.0,
    "Win_rate_7d_pct": 43.0,
    "Trades_7d": 7,
    "PnL_7d": 5012.0,
    "Win_rate_3m_pct": 26.0,
    "Trades_3m": 86,
    "PnL_3m": -29613.0
  },
  "live_position": null,
  "equity_curve": [
    1172154.2509628043,
    1167154.2509628043,
    1186189.007304651,
    1206391.4187163755,
    1197997.9895723339,
    1192997.9895723339,
    1187997.9895723339,
    1182997.9895723339,
    1177997.9895723339,
    1186968.2486065521,
    1181968.2486065521,
    1176968.2486065521,
    1171968.2486065521,
    1166968.2486065521,
    1161968.2486065521,
    1156968.2486065521,
    1151968.2486065521,
    1158469.7686378558,
    1153469.7686378558,
    1164505.263284002,
    1188005.8760714082,
    1206367.3719599203,
    1201367.3719599203,
    1196367.3719599203,
    1191367.3719599203,
    1202809.636449961,
    1197809.636449961,
    1192809.636449961,
    1187809.636449961,
    1182809.636449961,
    1216131.3125327318,
    1211131.3125327318,
    1263151.061066647,
    1258151.061066647,
    1253151.061066647,
    1248151.061066647,
    1243151.061066647,
    1240897.8827695237,
    1235897.8827695237,
    1230897.8827695237,
    1225897.8827695237,
    1220897.8827695237,
    1215897.8827695237,
    1217685.8259601588,
    1212685.8259601588,
    1230922.1427277387,
    1225922.1427277387,
    1220922.1427277387,
    1215922.1427277387,
    1210922.1427277387,
    1205922.1427277387,
    1207076.1928197509,
    1202076.1928197509,
    1213794.5062766536,
    1208794.5062766536,
    1203794.5062766536,
    1226242.422067543,
    1221242.422067543,
    1216242.422067543,
    1211242.422067543,
    1206242.422067543,
    1201242.422067543,
    1196242.422067543,
    1191242.422067543,
    1186242.422067543,
    1181242.422067543,
    1185893.755878879,
    1180586.0733253947,
    1180023.7523455503,
    1175023.7523455503,
    1188532.6364362128,
    1204704.867282867,
    1199704.867282867,
    1225376.4278211363,
    1220376.4278211363,
    1245282.2592943509,
    1240282.2592943509,
    1234015.957366747,
    1229015.957366747,
    1224015.957366747,
    1219015.957366747,
    1216170.090163401,
    1211170.090163401,
    1222889.653205989,
    1217889.653205989,
    1231332.6923422087,
    1226332.6923422087,
    1221332.6923422087,
    1216332.6923422087,
    1211332.6923422087,
    1206332.6923422087,
    1202038.403421149,
    1197038.403421149,
    1192038.403421149,
    1187038.403421149,
    1216406.5434389475,
    1211406.5434389475,
    1206406.5434389475,
    1207358.1314013598,
    1202358.1314013598,
    1197358.1314013598,
    1192358.1314013598,
    1194444.717206572,
    1189444.717206572,
    1184444.717206572,
    1195970.20681263,
    1190970.20681263,
    1185970.20681263,
    1180970.20681263,
    1175501.7898605373,
    1192814.6581227034,
    1187814.6581227034,
    1198381.026412649,
    1193381.026412649,
    1188381.026412649,
    1187020.9105509275,
    1182020.9105509275,
    1177020.9105509275,
    1184356.2325715644,
    1179356.2325715644,
    1174356.2325715644,
    1169356.2325715644,
    1170921.842824075,
    1165921.842824075,
    1160921.842824075,
    1155921.842824075,
    1150921.842824075,
    1172949.0450605112,
    1167949.0450605112,
    1162949.0450605112,
    1164742.460663227,
    1159742.460663227,
    1154742.460663227,
    1149742.460663227,
    1161466.6983295355,
    1156466.6983295355,
    1151466.6983295355,
    1146466.6983295355,
    1143748.7410670705,
    1142369.6920845136,
    1137369.6920845136,
    1132369.6920845136,
    1156396.0973417764,
    1151396.0973417764,
    1146396.0973417764,
    1141396.0973417764,
    1131327.461294245,
    1126327.461294245,
    1144357.4635454367,
    1139357.4635454367,
    1147064.9134274255,
    1161280.100848816,
    1179417.9263695618,
    1194907.521647491,
    1201807.3641822052,
    1196807.3641822052,
    1191807.3641822052,
    1188585.1128046138,
    1183585.1128046138,
    1178585.1128046138,
    1173585.1128046138,
    1168585.1128046138,
    1163585.1128046138,
    1158585.1128046138,
    1168178.6865669182,
    1163178.6865669182,
    1158178.6865669182,
    1174736.2247967364,
    1171866.4127331653,
    1170906.572842628,
    1169575.819124195,
    1192409.45400841,
    1203998.3681025025,
    1216832.737191938,
    1211832.737191938,
    1206832.737191938,
    1201832.737191938,
    1221199.2927844,
    1237063.6023072049,
    1232063.6023072049,
    1241937.3129398283,
    1236937.3129398283,
    1231937.3129398283,
    1226937.3129398283,
    1261527.910931535,
    1256527.910931535,
    1277556.7403115423,
    1272556.7403115423,
    1270994.7493960047,
    1266796.0826400726,
    1261796.0826400726,
    1256796.0826400726,
    1251796.0826400726,
    1260374.351026826,
    1264856.2838363054,
    1265533.3584813317,
    1260533.3584813317,
    1296895.0283926446,
    1291895.0283926446,
    1286895.0283926446,
    1279263.8388188966,
    1306409.1168962347,
    1309253.1812094555,
    1304253.1812094555,
    1299253.1812094555,
    1294253.1812094555,
    1289253.1812094555,
    1284253.1812094555,
    1279253.1812094555,
    1274253.1812094555,
    1280711.9067292218,
    1283687.9107389955,
    1281610.1062171992,
    1290484.428740909,
    1285484.428740909,
    1280484.428740909,
    1275484.428740909,
    1270484.428740909,
    1265484.428740909,
    1260484.428740909,
    1255484.428740909,
    1250484.428740909,
    1245484.428740909,
    1246986.7472797565,
    1241986.7472797565,
    1236986.7472797565,
    1231986.7472797565,
    1226986.7472797565,
    1256321.3280839187,
    1251321.3280839187,
    1246321.3280839187,
    1289462.4300267433,
    1286394.0897199092,
    1281394.0897199092,
    1276394.0897199092,
    1271394.0897199092,
    1266394.0897199092,
    1261394.0897199092,
    1280771.641858791,
    1275771.641858791,
    1270771.641858791,
    1265771.641858791,
    1277301.9268730239,
    1272301.9268730239,
    1267301.9268730239,
    1278000.226335486,
    1273000.226335486,
    1268000.226335486,
    1263000.226335486,
    1276790.298878961,
    1290214.6971131698,
    1290697.2527277044,
    1307654.1127514665,
    1302654.1127514665,
    1297654.1127514665,
    1292654.1127514665,
    1287654.1127514665,
    1303196.150336314,
    1318995.1431726858,
    1313995.1431726858,
    1308995.1431726858,
    1373439.1412981455,
    1368439.1412981455,
    1363439.1412981455,
    1358439.1412981455,
    1372427.9157384096,
    1367427.9157384096,
    1387227.6371734992,
    1382055.4246807965,
    1377055.4246807965,
    1391917.2980378042,
    1386917.2980378042,
    1398213.2309523923,
    1393213.2309523923,
    1389166.4250384886,
    1385364.7579051394,
    1380364.7579051394,
    1391203.0634625999,
    1395471.6009602225,
    1390471.6009602225,
    1391672.2834534291,
    1386672.2834534291,
    1395614.7488611762,
    1390614.7488611762,
    1385614.7488611762,
    1386794.0442587368,
    1381794.0442587368,
    1382784.6234380007,
    1396250.3065344943,
    1398497.9710705623,
    1396540.0375627596,
    1395893.4317606788,
    1390893.4317606788,
    1389398.6777722726,
    1384398.6777722726,
    1392059.1513061773,
    1399412.6906835565,
    1394412.6906835565,
    1393315.1877455509,
    1388315.1877455509,
    1380345.746963731,
    1375345.746963731,
    1370345.746963731,
    1381041.8606179173,
    1376041.8606179173,
    1371041.8606179173,
    1389407.1518363939,
    1384407.1518363939,
    1386060.4435587896,
    1394884.8529683435,
    1389884.8529683435,
    1398076.6005411593,
    1389182.498540679,
    1392851.7027583725,
    1388900.1976291074,
