{
  "metrics": {
    "Variant": "0.50% stop, ATR\u00d73.0",
    "Capital_Risked": "5.0%",
    "Trades": 1280,
    "Win_rate_pct": 27.0,
    "Win_Loss_ratio": 3.0,
    "Cum_return_pct": 1333.0,
    "Max_DD_pct": 12.0,
    "Max_consec_losses": 24,
    "Max_consec_wins": 5,
    "Win_rate_30d_pct": 29.0,
    "Trades_30d": 34,
    "PnL_30d": 29623.0,
    "Win_rate_7d_pct": 30.0,
    "Trades_7d": 10,
    "PnL_7d": 15504.0,
    "Win_rate_3m_pct": 26.0,
    "Trades_3m": 96,
    "PnL_3m": -7303.0
  },
  "live_position": null,
  "equity_curve": [
    1096552.081034421,
    1091552.081034421,
    1086552.081034421,
    1093053.6010657246,
    1088053.6010657246,
    1099089.0957118708,
    1122589.708499277,
    1140951.2043877894,
    1135951.2043877894,
    1130951.2043877894,
    1125951.2043877894,
    1137393.46887783,
    1132393.46887783,
    1127393.46887783,
    1122393.46887783,
    1117393.46887783,
    1150715.1449606009,
    1145715.1449606009,
    1197734.8934945161,
    1192734.8934945161,
    1187734.8934945161,
    1182734.8934945161,
    1177734.8934945161,
    1175481.7151973927,
    1170481.7151973927,
    1165481.7151973927,
    1160481.7151973927,
    1155481.7151973927,
    1150481.7151973927,
    1152269.658388028,
    1147269.658388028,
    1165505.9751556078,
    1160505.9751556078,
    1155505.9751556078,
    1150505.9751556078,
    1145505.9751556078,
    1140505.9751556078,
    1141660.02524762,
    1136660.02524762,
    1148378.3387045227,
    1143378.3387045227,
    1138378.3387045227,
    1160826.2544954123,
    1155826.2544954123,
    1150826.2544954123,
    1145826.2544954123,
    1140826.2544954123,
    1135826.2544954123,
    1130826.2544954123,
    1125826.2544954123,
    1120826.2544954123,
    1115826.2544954123,
    1120477.5883067483,
    1115169.9057532637,
    1114607.5847734194,
    1109607.5847734194,
    1123116.468864082,
    1139288.699710736,
    1134288.699710736,
    1159960.2602490054,
    1154960.2602490054,
    1179866.09172222,
    1174866.09172222,
    1168599.7897946162,
    1163599.7897946162,
    1158599.7897946162,
    1153599.7897946162,
    1150753.9225912702,
    1145753.9225912702,
    1157473.485633858,
    1152473.485633858,
    1165916.5247700778,
    1160916.5247700778,
    1155916.5247700778,
    1150916.5247700778,
    1145916.5247700778,
    1140916.5247700778,
    1136622.2358490177,
    1131622.2358490177,
    1126622.2358490177,
    1121622.2358490177,
    1150990.3758668164,
    1145990.3758668164,
    1140990.3758668164,
    1141941.9638292287,
    1136941.9638292287,
    1131941.9638292287,
    1126941.9638292287,
    1129028.5496344408,
    1124028.5496344408,
    1119028.5496344408,
    1130554.0392404986,
    1125554.0392404986,
    1120554.0392404986,
    1115554.0392404986,
    1110085.622288406,
    1127398.490550572,
    1122398.490550572,
    1132964.8588405177,
    1127964.8588405177,
    1122964.8588405177,
    1121604.7429787964,
    1116604.7429787964,
    1111604.7429787964,
    1118940.064999433,
    1113940.064999433,
    1108940.064999433,
    1103940.064999433,
    1105505.6752519435,
    1100505.6752519435,
    1095505.6752519435,
    1090505.6752519435,
    1085505.6752519435,
    1107532.8774883798,
    1102532.8774883798,
    1097532.8774883798,
    1099326.2930910955,
    1094326.2930910955,
    1089326.2930910955,
    1084326.2930910955,
    1096050.5307574044,
    1091050.5307574044,
    1086050.5307574044,
    1081050.5307574044,
    1078332.5734949391,
    1076953.5245123827,
    1071953.5245123827,
    1066953.5245123827,
    1090979.9297696452,
    1085979.9297696452,
    1080979.9297696452,
    1075979.9297696452,
    1065911.2937221136,
    1060911.2937221136,
    1078941.2959733056,
    1073941.2959733056,
    1081648.7458552946,
    1095863.933276685,
    1114001.7587974304,
    1129491.3540753596,
    1136391.196610074,
    1131391.196610074,
    1126391.196610074,
    1123168.9452324826,
    1118168.9452324826,
    1113168.9452324826,
    1108168.9452324826,
    1103168.9452324826,
    1098168.9452324826,
    1093168.9452324826,
    1102762.518994787,
    1097762.518994787,
    1092762.518994787,
    1109320.0572246052,
    1106450.2451610342,
    1105490.4052704968,
    1104159.6515520639,
    1126993.2864362786,
    1138582.2005303712,
    1151416.5696198067,
    1146416.5696198067,
    1141416.5696198067,
    1136416.5696198067,
    1155783.1252122687,
    1171647.4347350735,
    1166647.4347350735,
    1176521.1453676969,
    1171521.1453676969,
    1166521.1453676969,
    1161521.1453676969,
    1196111.7433594037,
    1191111.7433594037,
    1212140.572739411,
    1207140.572739411,
    1205578.5818238733,
    1201379.9150679412,
    1196379.9150679412,
    1191379.9150679412,
    1186379.9150679412,
    1194958.1834546947,
    1199440.116264174,
    1200117.1909092003,
    1195117.1909092003,
    1231478.8608205132,
    1226478.8608205132,
    1221478.8608205132,
    1213847.6712467652,
    1240992.9493241033,
    1243837.013637324,
    1238837.013637324,
    1233837.013637324,
    1228837.013637324,
    1223837.013637324,
    1218837.013637324,
    1213837.013637324,
    1208837.013637324,
    1215295.7391570904,
    1218271.7431668642,
    1216193.9386450679,
    1225068.2611687777,
    1220068.2611687777,
    1215068.2611687777,
    1210068.2611687777,
    1205068.2611687777,
    1200068.2611687777,
    1195068.2611687777,
    1190068.2611687777,
    1185068.2611687777,
    1180068.2611687777,
    1181570.579707625,
    1176570.579707625,
    1171570.579707625,
    1166570.579707625,
    1161570.579707625,
    1190905.1605117873,
    1185905.1605117873,
    1180905.1605117873,
    1224046.262454612,
    1220977.9221477779,
    1215977.9221477779,
    1210977.9221477779,
    1205977.9221477779,
    1200977.9221477779,
    1195977.9221477779,
    1215355.4742866596,
    1210355.4742866596,
    1205355.4742866596,
    1200355.4742866596,
    1211885.7593008925,
    1206885.7593008925,
    1201885.7593008925,
    1212584.0587633546,
    1207584.0587633546,
    1202584.0587633546,
    1197584.0587633546,
    1211374.1313068296,
    1224798.5295410384,
    1225281.085155573,
    1242237.945179335,
    1237237.945179335,
    1232237.945179335,
    1227237.945179335,
    1222237.945179335,
    1237779.9827641826,
    1253578.9756005544,
    1248578.9756005544,
    1243578.9756005544,
    1308022.9737260141,
    1303022.9737260141,
    1298022.9737260141,
    1293022.9737260141,
    1307011.7481662782,
    1302011.7481662782,
    1321811.4696013678,
    1316639.257108665,
    1311639.257108665,
    1326501.1304656728,
    1321501.1304656728,
    1332797.063380261,
    1327797.063380261,
    1323750.2574663572,
    1319948.590333008,
    1314948.590333008,
    1325786.8958904685,
    1330055.4333880912,
    1325055.4333880912,
    1326256.1158812977,
    1321256.1158812977,
    1330198.5812890448,
    1325198.5812890448,
    1320198.5812890448,
    1321377.8766866054,
    1316377.8766866054,
    1317368.4558658693,
    1330834.138962363,
    1333081.8034984309,
    1331123.8699906282,
    1330477.2641885474,
    1325477.2641885474,
    1323982.5102001412,
    1318982.5102001412,
    1326642.9837340459,
    1333996.523111425,
    1328996.523111425,
    1327899.0201734195,
    1322899.0201734195,
    1314929.5793915996,
    1309929.5793915996,
    1304929.5793915996,
    1315625.6930457859,
    1310625.6930457859,
    1305625.6930457859,
    1323990.9842642625,
    1318990.9842642625,
    1320644.2759866582,
    1329468.6853962122,
    1324468.6853962122,
    1332660.432969028,
    1323766.3309685476,
    1327435.5351862411,
    1323484.030056976,
    1318484.030056976,
    1313484.030056976,
    1315370.8044389857,
    1310370.8044389857,
    1316240.4397440362,
    1330214.2373538928,
    1340226.7058155548,
    1344483.2021483493,
    1339483.2021483493,
    1342299.0901635736,
    1337299.0901635736,
    1354624.8238172045,
    1357134.9772226568,
