{
  "metrics": {
    "Variant": "0.50% stop, ATR\u00d73.0",
    "Capital_Risked": "5.0%",
    "Trades": 1256,
    "Win_rate_pct": 28.0,
    "Win_Loss_ratio": 3.0,
    "Cum_return_pct": 1436.0,
    "Max_DD_pct": 11.0,
    "Max_consec_losses": 25,
    "Max_consec_wins": 6,
    "Win_rate_30d_pct": 18.0,
    "Trades_30d": 34,
    "PnL_30d": -37427.0,
    "Win_rate_7d_pct": 11.0,
    "Trades_7d": 9,
    "PnL_7d": -9938.0,
    "Win_rate_3m_pct": 24.0,
    "Trades_3m": 58,
    "PnL_3m": -39247.0
  },
  "live_position": null,
  "equity_curve": [
    1197806.3139132878,
    1206943.6179502038,
    1222779.1818773712,
    1217779.1818773712,
    1212779.1818773712,
    1212681.046450482,
    1207681.046450482,
    1202681.046450482,
    1197681.046450482,
    1192681.046450482,
    1187681.046450482,
    1182681.046450482,
    1191840.869571139,
    1186840.869571139,
    1199812.9655826765,
    1194812.9655826765,
    1196024.0411172917,
    1217487.0898815522,
    1212487.0898815522,
    1207487.0898815522,
    1213069.058538006,
    1208069.058538006,
    1203069.058538006,
    1198069.058538006,
    1223930.1838390352,
    1218930.1838390352,
    1237964.9401808819,
    1258167.3515926064,
    1249773.9224485648,
    1244773.9224485648,
    1239773.9224485648,
    1234773.9224485648,
    1229773.9224485648,
    1238744.181482783,
    1233744.181482783,
    1228744.181482783,
    1223744.181482783,
    1218744.181482783,
    1213744.181482783,
    1208744.181482783,
    1203744.181482783,
    1210245.7015140867,
    1205245.7015140867,
    1216281.1961602329,
    1239781.808947639,
    1258143.3048361512,
    1253143.3048361512,
    1248143.3048361512,
    1243143.3048361512,
    1254585.569326192,
    1249585.569326192,
    1244585.569326192,
    1239585.569326192,
    1234585.569326192,
    1267907.2454089627,
    1262907.2454089627,
    1314926.993942878,
    1309926.993942878,
    1304926.993942878,
    1299926.993942878,
    1294926.993942878,
    1292673.8156457546,
    1287673.8156457546,
    1282673.8156457546,
    1277673.8156457546,
    1272673.8156457546,
    1267673.8156457546,
    1269461.7588363898,
    1264461.7588363898,
    1282698.0756039696,
    1277698.0756039696,
    1272698.0756039696,
    1267698.0756039696,
    1262698.0756039696,
    1257698.0756039696,
    1252698.0756039696,
    1253852.1256959818,
    1248852.1256959818,
    1260570.4391528845,
    1255570.4391528845,
    1250570.4391528845,
    1273018.354943774,
    1268018.354943774,
    1263018.354943774,
    1258018.354943774,
    1261360.6469980776,
    1256360.6469980776,
    1251360.6469980776,
    1246360.6469980776,
    1241360.6469980776,
    1236360.6469980776,
    1231360.6469980776,
    1236011.9808094136,
    1230704.2982559293,
    1230141.977276085,
    1225141.977276085,
    1238650.8613667474,
    1254823.0922134016,
    1249823.0922134016,
    1275494.652751671,
    1270494.652751671,
    1295400.4842248855,
    1290400.4842248855,
    1284134.1822972817,
    1279134.1822972817,
    1274134.1822972817,
    1269134.1822972817,
    1266288.3150939357,
    1261288.3150939357,
    1273007.8781365235,
    1268007.8781365235,
    1281450.9172727433,
    1276450.9172727433,
    1271450.9172727433,
    1266450.9172727433,
    1261450.9172727433,
    1256450.9172727433,
    1252156.6283516835,
    1247156.6283516835,
    1242156.6283516835,
    1237156.6283516835,
    1249024.9473066167,
    1278393.0873244153,
    1273393.0873244153,
    1268393.0873244153,
    1269344.6752868276,
    1264344.6752868276,
    1259344.6752868276,
    1254344.6752868276,
    1256431.2610920398,
    1251431.2610920398,
    1246431.2610920398,
    1257956.7506980977,
    1252956.7506980977,
    1247956.7506980977,
    1242956.7506980977,
    1237488.333746005,
    1254801.2020081712,
    1249801.2020081712,
    1260367.570298117,
    1255367.570298117,
    1250367.570298117,
    1249007.4544363953,
    1244007.4544363953,
    1239007.4544363953,
    1246342.7764570322,
    1241342.7764570322,
    1236342.7764570322,
    1231342.7764570322,
    1232908.3867095427,
    1227908.3867095427,
    1222908.3867095427,
    1217908.3867095427,
    1212908.3867095427,
    1234935.588945979,
    1229935.588945979,
    1224935.588945979,
    1226729.0045486947,
    1221729.0045486947,
    1216729.0045486947,
    1211729.0045486947,
    1223453.2422150034,
    1218453.2422150034,
    1213453.2422150034,
    1208453.2422150034,
    1205735.284952538,
    1204356.2359699814,
    1199356.2359699814,
    1194356.2359699814,
    1218382.641227244,
    1213382.641227244,
    1208382.641227244,
    1203382.641227244,
    1193314.0051797125,
    1188314.0051797125,
    1206344.0074309045,
    1201344.0074309045,
    1209051.4573128934,
    1223266.644734284,
    1241404.4702550296,
    1256894.0655329588,
    1263793.908067673,
    1258793.908067673,
    1253793.908067673,
    1250571.6566900816,
    1245571.6566900816,
    1240571.6566900816,
    1235571.6566900816,
    1230571.6566900816,
    1225571.6566900816,
    1220571.6566900816,
    1230165.230452386,
    1225165.230452386,
    1220165.230452386,
    1236722.7686822042,
    1233852.9566186331,
    1232893.1167280958,
    1231562.3630096628,
    1254395.9978938778,
    1265984.9119879704,
    1278819.281077406,
    1273819.281077406,
    1268819.281077406,
    1263819.281077406,
    1283185.8366698679,
    1299050.1461926727,
    1294050.1461926727,
    1303923.856825296,
    1298923.856825296,
    1293923.856825296,
    1288923.856825296,
    1323514.4548170029,
    1318514.4548170029,
    1339543.28419701,
    1334543.28419701,
    1332981.2932814725,
    1328782.6265255404,
    1323782.6265255404,
    1318782.6265255404,
    1313782.6265255404,
    1322360.8949122939,
    1326842.8277217732,
    1327519.9023667995,
    1322519.9023667995,
    1358881.5722781124,
    1353881.5722781124,
    1348881.5722781124,
    1341250.3827043644,
    1368395.6607817025,
    1371239.7250949233,
    1366239.7250949233,
    1361239.7250949233,
    1356239.7250949233,
    1351239.7250949233,
    1346239.7250949233,
    1341239.7250949233,
    1336239.7250949233,
    1342698.4506146896,
    1345674.4546244633,
    1343596.650102667,
    1352470.972626377,
    1347470.972626377,
    1342470.972626377,
    1337470.972626377,
    1332470.972626377,
    1327470.972626377,
    1322470.972626377,
    1317470.972626377,
    1312470.972626377,
    1307470.972626377,
    1308973.2911652243,
    1303973.2911652243,
    1298973.2911652243,
    1293973.2911652243,
    1288973.2911652243,
    1318307.8719693865,
    1313307.8719693865,
    1308307.8719693865,
    1351448.9739122111,
    1348380.633605377,
    1343380.633605377,
    1338380.633605377,
    1333380.633605377,
    1328380.633605377,
    1323380.633605377,
    1342758.1857442588,
    1337758.1857442588,
    1332758.1857442588,
    1327758.1857442588,
    1339288.4707584917,
    1334288.4707584917,
    1329288.4707584917,
    1339986.7702209537,
    1334986.7702209537,
    1329986.7702209537,
    1324986.7702209537,
    1338776.8427644288,
    1352201.2409986376,
    1352683.7966131722,
    1369640.6566369343,
    1364640.6566369343,
    1359640.6566369343,
    1354640.6566369343,
    1349640.6566369343,
    1365182.6942217818,
    1380981.6870581536,
    1375981.6870581536,
    1370981.6870581536,
    1435425.6851836133,
    1430425.6851836133,
    1425425.6851836133,
    1420425.6851836133,
    1434414.4596238774,
    1429414.4596238774,
    1449214.181058967,
    1444041.9685662643,
    1439041.9685662643,
    1453903.841923272,
    1448903.841923272,
    1460199.7748378601,
    1455199.7748378601,
    1451152.9689239564,
    1447351.3017906072,
    1442351.3017906072,
    1453189.6073480677,
    1457458.1448456903,
    1452458.1448456903,
    1453658.827338897,
    1448658.827338897,
    1457601.292746644,
    1452601.292746644,
    1447601.292746644,
    1448780.5881442046,
    1443780.5881442046,
