{
  "metrics": {
    "Variant": "0.50% stop, ATR\u00d73.0",
    "Capital_Risked": "5.0%",
    "Trades": 1245,
    "Win_rate_pct": 28.0,
    "Win_Loss_ratio": 3.0,
    "Cum_return_pct": 1480.0,
    "Max_DD_pct": 11.0,
    "Max_consec_losses": 25,
    "Max_consec_wins": 7,
    "Win_rate_30d_pct": 28.0,
    "Trades_30d": 25,
    "PnL_30d": 5450.0,
    "Win_rate_7d_pct": 20.0,
    "Trades_7d": 10,
    "PnL_7d": 17799.0,
    "Win_rate_3m_pct": 28.0,
    "Trades_3m": 39,
    "PnL_3m": 3615.0
  },
  "live_position": null,
  "equity_curve": [
    1213156.57737586,
    1217601.6937955758,
    1214812.8551157254,
    1210091.7291942125,
    1205091.7291942125,
    1202173.9421354563,
    1192777.4301444958,
    1187777.4301444958,
    1182777.4301444958,
    1177777.4301444958,
    1191351.4161335744,
    1186351.4161335744,
    1188583.3382705692,
    1183583.3382705692,
    1181012.866921216,
    1194870.932402602,
    1189870.932402602,
    1184870.932402602,
    1195755.1160310411,
    1190755.1160310411,
    1199892.4200679571,
    1215727.9839951245,
    1210727.9839951245,
    1205727.9839951245,
    1205629.8485682353,
    1200629.8485682353,
    1195629.8485682353,
    1190629.8485682353,
    1185629.8485682353,
    1180629.8485682353,
    1175629.8485682353,
    1184789.6716888924,
    1179789.6716888924,
    1192761.7677004298,
    1187761.7677004298,
    1188972.843235045,
    1210435.8919993055,
    1205435.8919993055,
    1200435.8919993055,
    1206017.8606557592,
    1201017.8606557592,
    1196017.8606557592,
    1191017.8606557592,
    1216878.9859567885,
    1211878.9859567885,
    1230913.7422986352,
    1251116.1537103597,
    1242722.724566318,
    1237722.724566318,
    1232722.724566318,
    1227722.724566318,
    1222722.724566318,
    1231692.9836005364,
    1226692.9836005364,
    1221692.9836005364,
    1216692.9836005364,
    1211692.9836005364,
    1206692.9836005364,
    1201692.9836005364,
    1196692.9836005364,
    1203194.50363184,
    1198194.50363184,
    1209229.9982779862,
    1232730.6110653924,
    1251092.1069539045,
    1246092.1069539045,
    1241092.1069539045,
    1236092.1069539045,
    1247534.3714439452,
    1242534.3714439452,
    1237534.3714439452,
    1232534.3714439452,
    1227534.3714439452,
    1260856.047526716,
    1255856.047526716,
    1307875.7960606313,
    1302875.7960606313,
    1297875.7960606313,
    1292875.7960606313,
    1287875.7960606313,
    1285622.6177635079,
    1280622.6177635079,
    1275622.6177635079,
    1270622.6177635079,
    1265622.6177635079,
    1260622.6177635079,
    1262410.560954143,
    1257410.560954143,
    1275646.877721723,
    1270646.877721723,
    1265646.877721723,
    1260646.877721723,
    1255646.877721723,
    1250646.877721723,
    1250630.4425175155,
    1251784.4926095277,
    1246784.4926095277,
    1258502.8060664304,
    1253502.8060664304,
    1248502.8060664304,
    1270950.7218573198,
    1265950.7218573198,
    1260950.7218573198,
    1255950.7218573198,
    1259293.0139116235,
    1254293.0139116235,
    1249293.0139116235,
    1244293.0139116235,
    1239293.0139116235,
    1234293.0139116235,
    1229293.0139116235,
    1233944.3477229595,
    1228636.6651694751,
    1228074.3441896308,
    1223074.3441896308,
    1236583.2282802933,
    1252755.4591269474,
    1247755.4591269474,
    1273427.0196652168,
    1268427.0196652168,
    1293332.8511384313,
    1288332.8511384313,
    1282066.5492108276,
    1277066.5492108276,
    1272066.5492108276,
    1267066.5492108276,
    1264220.6820074816,
    1259220.6820074816,
    1270940.2450500694,
    1265940.2450500694,
    1279383.2841862892,
    1274383.2841862892,
    1269383.2841862892,
    1264383.2841862892,
    1259383.2841862892,
    1254383.2841862892,
    1250088.9952652294,
    1245088.9952652294,
    1240088.9952652294,
    1235088.9952652294,
    1246957.3142201626,
    1276325.4542379612,
    1271325.4542379612,
    1266325.4542379612,
    1267277.0422003735,
    1262277.0422003735,
    1257277.0422003735,
    1252277.0422003735,
    1257201.7495619878,
    1252201.7495619878,
    1247201.7495619878,
    1258727.2391680458,
    1253727.2391680458,
    1248727.2391680458,
    1243727.2391680458,
    1238258.8222159531,
    1255571.6904781193,
    1250571.6904781193,
    1261138.058768065,
    1256138.058768065,
    1251138.058768065,
    1249777.9429063434,
    1244777.9429063434,
    1239777.9429063434,
    1247113.2649269802,
    1242113.2649269802,
    1237113.2649269802,
    1232113.2649269802,
    1233678.8751794908,
    1228678.8751794908,
    1223678.8751794908,
    1218678.8751794908,
    1213678.8751794908,
    1235706.077415927,
    1230706.077415927,
    1225706.077415927,
    1227499.4930186428,
    1222499.4930186428,
    1217499.4930186428,
    1212499.4930186428,
    1224223.7306849514,
    1219223.7306849514,
    1214223.7306849514,
    1209223.7306849514,
    1206505.7734224861,
    1205126.7244399295,
    1200126.7244399295,
    1195126.7244399295,
    1219153.129697192,
    1214153.129697192,
    1209153.129697192,
    1204153.129697192,
    1194084.4936496606,
    1189084.4936496606,
    1207114.4959008526,
    1202114.4959008526,
    1209821.9457828414,
    1224037.133204232,
    1242174.9587249777,
    1257664.554002907,
    1264564.396537621,
    1259564.396537621,
    1254564.396537621,
    1251342.1451600296,
    1246342.1451600296,
    1241342.1451600296,
    1236342.1451600296,
    1231342.1451600296,
    1226342.1451600296,
    1221342.1451600296,
    1230935.718922334,
    1225935.718922334,
    1220935.718922334,
    1237493.2571521522,
    1234623.4450885812,
    1233663.6051980439,
    1232332.851479611,
    1255166.4863638259,
    1266755.4004579184,
    1279589.769547354,
    1274589.769547354,
    1269589.769547354,
    1264589.769547354,
    1283956.325139816,
    1299820.6346626207,
    1294820.6346626207,
    1304694.3452952441,
    1299694.3452952441,
    1294694.3452952441,
    1289694.3452952441,
    1324284.943286951,
    1319284.943286951,
    1340313.7726669582,
    1335313.7726669582,
    1333751.7817514206,
    1329553.1149954884,
    1324553.1149954884,
    1319553.1149954884,
    1314553.1149954884,
    1323131.383382242,
    1327613.3161917212,
    1328290.3908367476,
    1323290.3908367476,
    1359652.0607480605,
    1354652.0607480605,
    1349652.0607480605,
    1342020.8711743124,
    1369166.1492516506,
    1372010.2135648713,
    1367010.2135648713,
    1362010.2135648713,
    1357010.2135648713,
    1352010.2135648713,
    1347010.2135648713,
    1342010.2135648713,
    1337010.2135648713,
    1343468.9390846377,
    1346444.9430944114,
    1344367.138572615,
    1353241.461096325,
    1348241.461096325,
    1343241.461096325,
    1338241.461096325,
    1333241.461096325,
    1328241.461096325,
    1323241.461096325,
    1318241.461096325,
    1313241.461096325,
    1308241.461096325,
    1309743.7796351723,
    1304743.7796351723,
    1299743.7796351723,
    1294743.7796351723,
    1289743.7796351723,
    1319078.3604393345,
    1314078.3604393345,
    1309078.3604393345,
    1352219.4623821592,
    1349151.122075325,
    1344151.122075325,
    1339151.122075325,
    1334151.122075325,
    1329151.122075325,
    1324151.122075325,
    1343528.6742142069,
    1338528.6742142069,
    1333528.6742142069,
    1328528.6742142069,
    1340058.9592284397,
    1335058.9592284397,
    1330058.9592284397,
    1340757.2586909018,
    1335757.2586909018,
    1330757.2586909018,
    1325757.2586909018,
    1339547.3312343769,
    1352971.7294685857,
    1353454.2850831202,
    1370411.1451068823,
    1365411.1451068823,
    1360411.1451068823,
    1355411.1451068823,
    1350411.1451068823,
    1365953.1826917299,
    1381752.1755281016,
    1376752.1755281016,
    1371752.1755281016,
    1436196.1736535614,
    1431196.1736535614,
    1426196.1736535614,
    1421196.1736535614,
    1435184.9480938255,
    1430184.9480938255,
