{
  "metrics": {
    "Variant": "0.50% stop, ATR\u00d73.0",
    "Capital_Risked": "5.0%",
    "Trades": 1266,
    "Win_rate_pct": 27.0,
    "Win_Loss_ratio": 3.0,
    "Cum_return_pct": 1377.0,
    "Max_DD_pct": 11.0,
    "Max_consec_losses": 24,
    "Max_consec_wins": 5,
    "Win_rate_30d_pct": 22.0,
    "Trades_30d": 36,
    "PnL_30d": -18239.0,
    "Win_rate_7d_pct": 10.0,
    "Trades_7d": 10,
    "PnL_7d": -23726.0,
    "Win_rate_3m_pct": 24.0,
    "Trades_3m": 79,
    "PnL_3m": -34624.0
  },
  "live_position": null,
  "equity_curve": [
    1145073.1314138013,
    1150655.100070255,
    1145655.100070255,
    1140655.100070255,
    1135655.100070255,
    1161516.2253712844,
    1156516.2253712844,
    1175550.981713131,
    1195753.3931248556,
    1187359.963980814,
    1182359.963980814,
    1177359.963980814,
    1172359.963980814,
    1167359.963980814,
    1176330.2230150322,
    1171330.2230150322,
    1166330.2230150322,
    1161330.2230150322,
    1156330.2230150322,
    1151330.2230150322,
    1146330.2230150322,
    1141330.2230150322,
    1147831.7430463359,
    1142831.7430463359,
    1153867.237692482,
    1177367.8504798883,
    1195729.3463684004,
    1190729.3463684004,
    1185729.3463684004,
    1180729.3463684004,
    1192171.610858441,
    1187171.610858441,
    1182171.610858441,
    1177171.610858441,
    1172171.610858441,
    1205493.286941212,
    1200493.286941212,
    1252513.0354751272,
    1247513.0354751272,
    1242513.0354751272,
    1237513.0354751272,
    1232513.0354751272,
    1230259.8571780038,
    1225259.8571780038,
    1220259.8571780038,
    1215259.8571780038,
    1210259.8571780038,
    1205259.8571780038,
    1207047.800368639,
    1202047.800368639,
    1220284.1171362188,
    1215284.1171362188,
    1210284.1171362188,
    1205284.1171362188,
    1200284.1171362188,
    1195284.1171362188,
    1196438.167228231,
    1191438.167228231,
    1203156.4806851337,
    1198156.4806851337,
    1193156.4806851337,
    1215604.3964760231,
    1210604.3964760231,
    1205604.3964760231,
    1200604.3964760231,
    1203946.6885303268,
    1198946.6885303268,
    1193946.6885303268,
    1188946.6885303268,
    1183946.6885303268,
    1178946.6885303268,
    1173946.6885303268,
    1178598.0223416628,
    1173290.3397881784,
    1172728.0188083341,
    1167728.0188083341,
    1181236.9028989966,
    1197409.1337456508,
    1192409.1337456508,
    1218080.69428392,
    1213080.69428392,
    1237986.5257571347,
    1232986.5257571347,
    1226720.2238295309,
    1221720.2238295309,
    1216720.2238295309,
    1211720.2238295309,
    1208874.356626185,
    1203874.356626185,
    1215593.9196687727,
    1210593.9196687727,
    1224036.9588049925,
    1219036.9588049925,
    1214036.9588049925,
    1209036.9588049925,
    1204036.9588049925,
    1199036.9588049925,
    1194742.6698839327,
    1189742.6698839327,
    1184742.6698839327,
    1179742.6698839327,
    1191610.988838866,
    1220979.1288566645,
    1215979.1288566645,
    1210979.1288566645,
    1211930.7168190768,
    1206930.7168190768,
    1201930.7168190768,
    1196930.7168190768,
    1199017.302624289,
    1194017.302624289,
    1189017.302624289,
    1200542.792230347,
    1195542.792230347,
    1190542.792230347,
    1185542.792230347,
    1180074.3752782543,
    1197387.2435404204,
    1192387.2435404204,
    1202953.611830366,
    1197953.611830366,
    1192953.611830366,
    1191593.4959686445,
    1186593.4959686445,
    1181593.4959686445,
    1188928.8179892814,
    1183928.8179892814,
    1178928.8179892814,
    1173928.8179892814,
    1175494.428241792,
    1170494.428241792,
    1165494.428241792,
    1160494.428241792,
    1155494.428241792,
    1177521.6304782282,
    1172521.6304782282,
    1167521.6304782282,
    1169315.046080944,
    1164315.046080944,
    1159315.046080944,
    1154315.046080944,
    1166039.2837472525,
    1161039.2837472525,
    1156039.2837472525,
    1151039.2837472525,
    1148321.3264847873,
    1146942.2775022308,
    1141942.2775022308,
    1136942.2775022308,
    1160968.6827594934,
    1155968.6827594934,
    1150968.6827594934,
    1145968.6827594934,
    1135900.0467119617,
    1130900.0467119617,
    1148930.0489631537,
    1143930.0489631537,
    1151637.4988451425,
    1165852.686266533,
    1183990.5117872788,
    1199480.107065208,
    1206379.9495999222,
    1201379.9495999222,
    1196379.9495999222,
    1193157.6982223308,
    1188157.6982223308,
    1183157.6982223308,
    1178157.6982223308,
    1173157.6982223308,
    1168157.6982223308,
    1163157.6982223308,
    1172751.2719846352,
    1167751.2719846352,
    1162751.2719846352,
    1179308.8102144534,
    1176438.9981508823,
    1175479.158260345,
    1174148.404541912,
    1196982.039426127,
    1208570.9535202195,
    1221405.322609655,
    1216405.322609655,
    1211405.322609655,
    1206405.322609655,
    1225771.878202117,
    1241636.1877249219,
    1236636.1877249219,
    1246509.8983575453,
    1241509.8983575453,
    1236509.8983575453,
    1231509.8983575453,
    1266100.496349252,
    1261100.496349252,
    1282129.3257292593,
    1277129.3257292593,
    1275567.3348137217,
    1271368.6680577896,
    1266368.6680577896,
    1261368.6680577896,
    1256368.6680577896,
    1264946.936444543,
    1269428.8692540224,
    1270105.9438990487,
    1265105.9438990487,
    1301467.6138103616,
    1296467.6138103616,
    1291467.6138103616,
    1283836.4242366136,
    1310981.7023139517,
    1313825.7666271725,
    1308825.7666271725,
    1303825.7666271725,
    1298825.7666271725,
    1293825.7666271725,
    1288825.7666271725,
    1283825.7666271725,
    1278825.7666271725,
    1285284.4921469388,
    1288260.4961567125,
    1286182.6916349162,
    1295057.014158626,
    1290057.014158626,
    1285057.014158626,
    1280057.014158626,
    1275057.014158626,
    1270057.014158626,
    1265057.014158626,
    1260057.014158626,
    1255057.014158626,
    1250057.014158626,
    1251559.3326974735,
    1246559.3326974735,
    1241559.3326974735,
    1236559.3326974735,
    1231559.3326974735,
    1260893.9135016357,
    1255893.9135016357,
    1250893.9135016357,
    1294035.0154444603,
    1290966.6751376262,
    1285966.6751376262,
    1280966.6751376262,
    1275966.6751376262,
    1270966.6751376262,
    1265966.6751376262,
    1285344.227276508,
    1280344.227276508,
    1275344.227276508,
    1270344.227276508,
    1281874.5122907409,
    1276874.5122907409,
    1271874.5122907409,
    1282572.811753203,
    1277572.811753203,
    1272572.811753203,
    1267572.811753203,
    1281362.884296678,
    1294787.2825308868,
    1295269.8381454214,
    1312226.6981691835,
    1307226.6981691835,
    1302226.6981691835,
    1297226.6981691835,
    1292226.6981691835,
    1307768.735754031,
    1323567.7285904028,
    1318567.7285904028,
    1313567.7285904028,
    1378011.7267158625,
    1373011.7267158625,
    1368011.7267158625,
    1363011.7267158625,
    1377000.5011561266,
    1372000.5011561266,
    1391800.2225912162,
    1386628.0100985134,
    1381628.0100985134,
    1396489.8834555212,
    1391489.8834555212,
    1402785.8163701093,
    1397785.8163701093,
    1393739.0104562056,
    1389937.3433228564,
    1384937.3433228564,
    1395775.6488803169,
    1400044.1863779395,
    1395044.1863779395,
    1396244.868871146,
    1391244.868871146,
    1400187.3342788932,
    1395187.3342788932,
    1390187.3342788932,
    1391366.6296764538,
    1386366.6296764538,
    1387357.2088557177,
    1400822.8919522113,
    1403070.5564882793,
    1401112.6229804766,
    1400466.0171783958,
    1395466.0171783958,
    1393971.2631899896,
    1388971.2631899896,
    1396631.7367238943,
    1403985.2761012735,
    1398985.2761012735,
    1397887.7731632679,
    1392887.7731632679,
    1384918.332381448,
    1379918.332381448,
    1374918.332381448,
    1385614.4460356343,
    1380614.4460356343,
    1375614.4460356343,
    1393979.7372541109,
