{
  "metrics": {
    "Variant": "0.50% stop, ATR\u00d73.0",
    "Capital_Risked": "5.0%",
    "Trades": 1258,
    "Win_rate_pct": 28.0,
    "Win_Loss_ratio": 3.0,
    "Cum_return_pct": 1467.0,
    "Max_DD_pct": 11.0,
    "Max_consec_losses": 25,
    "Max_consec_wins": 6,
    "Win_rate_30d_pct": 23.0,
    "Trades_30d": 35,
    "PnL_30d": -1708.0,
    "Win_rate_7d_pct": 29.0,
    "Trades_7d": 7,
    "PnL_7d": 5719.0,
    "Win_rate_3m_pct": 26.0,
    "Trades_3m": 61,
    "PnL_3m": -13527.0
  },
  "live_position": null,
  "equity_curve": [
    1222779.1818773712,
    1217779.1818773712,
    1217681.046450482,
    1212681.046450482,
    1207681.046450482,
    1202681.046450482,
    1197681.046450482,
    1192681.046450482,
    1187681.046450482,
    1196840.869571139,
    1191840.869571139,
    1204812.9655826765,
    1199812.9655826765,
    1201024.0411172917,
    1222487.0898815522,
    1217487.0898815522,
    1212487.0898815522,
    1218069.058538006,
    1213069.058538006,
    1208069.058538006,
    1203069.058538006,
    1228930.1838390352,
    1223930.1838390352,
    1242964.9401808819,
    1263167.3515926064,
    1254773.9224485648,
    1249773.9224485648,
    1244773.9224485648,
    1239773.9224485648,
    1234773.9224485648,
    1243744.181482783,
    1238744.181482783,
    1233744.181482783,
    1228744.181482783,
    1223744.181482783,
    1218744.181482783,
    1213744.181482783,
    1208744.181482783,
    1215245.7015140867,
    1210245.7015140867,
    1221281.1961602329,
    1244781.808947639,
    1263143.3048361512,
    1258143.3048361512,
    1253143.3048361512,
    1248143.3048361512,
    1259585.569326192,
    1254585.569326192,
    1249585.569326192,
    1244585.569326192,
    1239585.569326192,
    1272907.2454089627,
    1267907.2454089627,
    1319926.993942878,
    1314926.993942878,
    1309926.993942878,
    1304926.993942878,
    1299926.993942878,
    1297673.8156457546,
    1292673.8156457546,
    1287673.8156457546,
    1282673.8156457546,
    1277673.8156457546,
    1272673.8156457546,
    1274461.7588363898,
    1269461.7588363898,
    1287698.0756039696,
    1282698.0756039696,
    1277698.0756039696,
    1272698.0756039696,
    1267698.0756039696,
    1262698.0756039696,
    1257698.0756039696,
    1258852.1256959818,
    1253852.1256959818,
    1265570.4391528845,
    1260570.4391528845,
    1255570.4391528845,
    1278018.354943774,
    1273018.354943774,
    1268018.354943774,
    1263018.354943774,
    1266360.6469980776,
    1261360.6469980776,
    1256360.6469980776,
    1251360.6469980776,
    1246360.6469980776,
    1241360.6469980776,
    1236360.6469980776,
    1241011.9808094136,
    1235704.2982559293,
    1235141.977276085,
    1230141.977276085,
    1243650.8613667474,
    1259823.0922134016,
    1254823.0922134016,
    1280494.652751671,
    1275494.652751671,
    1300400.4842248855,
    1295400.4842248855,
    1289134.1822972817,
    1284134.1822972817,
    1279134.1822972817,
    1274134.1822972817,
    1271288.3150939357,
    1266288.3150939357,
    1278007.8781365235,
    1273007.8781365235,
    1286450.9172727433,
    1281450.9172727433,
    1276450.9172727433,
    1271450.9172727433,
    1266450.9172727433,
    1261450.9172727433,
    1257156.6283516835,
    1252156.6283516835,
    1247156.6283516835,
    1242156.6283516835,
    1254024.9473066167,
    1283393.0873244153,
    1278393.0873244153,
    1273393.0873244153,
    1274344.6752868276,
    1269344.6752868276,
    1264344.6752868276,
    1259344.6752868276,
    1261431.2610920398,
    1256431.2610920398,
    1251431.2610920398,
    1262956.7506980977,
    1257956.7506980977,
    1252956.7506980977,
    1247956.7506980977,
    1242488.333746005,
    1259801.2020081712,
    1254801.2020081712,
    1265367.570298117,
    1260367.570298117,
    1255367.570298117,
    1254007.4544363953,
    1249007.4544363953,
    1244007.4544363953,
    1251342.7764570322,
    1246342.7764570322,
    1241342.7764570322,
    1236342.7764570322,
    1237908.3867095427,
    1232908.3867095427,
    1227908.3867095427,
    1222908.3867095427,
    1217908.3867095427,
    1239935.588945979,
    1234935.588945979,
    1229935.588945979,
    1231729.0045486947,
    1226729.0045486947,
    1221729.0045486947,
    1216729.0045486947,
    1228453.2422150034,
    1223453.2422150034,
    1218453.2422150034,
    1213453.2422150034,
    1210735.284952538,
    1209356.2359699814,
    1204356.2359699814,
    1199356.2359699814,
    1223382.641227244,
    1218382.641227244,
    1213382.641227244,
    1208382.641227244,
    1198314.0051797125,
    1193314.0051797125,
    1211344.0074309045,
    1206344.0074309045,
    1214051.4573128934,
    1228266.644734284,
    1246404.4702550296,
    1261894.0655329588,
    1268793.908067673,
    1263793.908067673,
    1258793.908067673,
    1255571.6566900816,
    1250571.6566900816,
    1245571.6566900816,
    1240571.6566900816,
    1235571.6566900816,
    1230571.6566900816,
    1225571.6566900816,
    1235165.230452386,
    1230165.230452386,
    1225165.230452386,
    1241722.7686822042,
    1238852.9566186331,
    1237893.1167280958,
    1236562.3630096628,
    1259395.9978938778,
    1270984.9119879704,
    1283819.281077406,
    1278819.281077406,
    1273819.281077406,
    1268819.281077406,
    1288185.8366698679,
    1304050.1461926727,
    1299050.1461926727,
    1308923.856825296,
    1303923.856825296,
    1298923.856825296,
    1293923.856825296,
    1328514.4548170029,
    1323514.4548170029,
    1344543.28419701,
    1339543.28419701,
    1337981.2932814725,
    1333782.6265255404,
    1328782.6265255404,
    1323782.6265255404,
    1318782.6265255404,
    1327360.8949122939,
    1331842.8277217732,
    1332519.9023667995,
    1327519.9023667995,
    1363881.5722781124,
    1358881.5722781124,
    1353881.5722781124,
    1346250.3827043644,
    1373395.6607817025,
    1376239.7250949233,
    1371239.7250949233,
    1366239.7250949233,
    1361239.7250949233,
    1356239.7250949233,
    1351239.7250949233,
    1346239.7250949233,
    1341239.7250949233,
    1347698.4506146896,
    1350674.4546244633,
    1348596.650102667,
    1357470.972626377,
    1352470.972626377,
    1347470.972626377,
    1342470.972626377,
    1337470.972626377,
    1332470.972626377,
    1327470.972626377,
    1322470.972626377,
    1317470.972626377,
    1312470.972626377,
    1313973.2911652243,
    1308973.2911652243,
    1303973.2911652243,
    1298973.2911652243,
    1293973.2911652243,
    1323307.8719693865,
    1318307.8719693865,
    1313307.8719693865,
    1356448.9739122111,
    1353380.633605377,
    1348380.633605377,
    1343380.633605377,
    1338380.633605377,
    1333380.633605377,
    1328380.633605377,
    1347758.1857442588,
    1342758.1857442588,
    1337758.1857442588,
    1332758.1857442588,
    1344288.4707584917,
    1339288.4707584917,
    1334288.4707584917,
    1344986.7702209537,
    1339986.7702209537,
    1334986.7702209537,
    1329986.7702209537,
    1343776.8427644288,
    1357201.2409986376,
    1357683.7966131722,
    1374640.6566369343,
    1369640.6566369343,
    1364640.6566369343,
    1359640.6566369343,
    1354640.6566369343,
    1370182.6942217818,
    1385981.6870581536,
    1380981.6870581536,
    1375981.6870581536,
    1440425.6851836133,
    1435425.6851836133,
    1430425.6851836133,
    1425425.6851836133,
    1439414.4596238774,
    1434414.4596238774,
    1454214.181058967,
    1449041.9685662643,
    1444041.9685662643,
    1458903.841923272,
    1453903.841923272,
    1465199.7748378601,
    1460199.7748378601,
    1456152.9689239564,
    1452351.3017906072,
    1447351.3017906072,
    1458189.6073480677,
    1462458.1448456903,
    1457458.1448456903,
    1458658.827338897,
    1453658.827338897,
    1462601.292746644,
    1457601.292746644,
    1452601.292746644,
    1453780.5881442046,
    1448780.5881442046,
    1449771.1673234685,
    1463236.850419962,
    1465484.51495603,
