{
  "metrics": {
    "Variant": "0.50% stop, ATR\u00d73.0",
    "Capital_Risked": "5.0%",
    "Trades": 1269,
    "Win_rate_pct": 27.0,
    "Win_Loss_ratio": 3.0,
    "Cum_return_pct": 1377.0,
    "Max_DD_pct": 11.0,
    "Max_consec_losses": 24,
    "Max_consec_wins": 5,
    "Win_rate_30d_pct": 24.0,
    "Trades_30d": 33,
    "PnL_30d": -15366.0,
    "Win_rate_7d_pct": 38.0,
    "Trades_7d": 8,
    "PnL_7d": 12.0,
    "Win_rate_3m_pct": 26.0,
    "Trades_3m": 85,
    "PnL_3m": -24613.0
  },
  "live_position": null,
  "equity_curve": [
    1141293.1256617752,
    1167154.2509628045,
    1162154.2509628045,
    1181189.0073046512,
    1201391.4187163757,
    1192997.989572334,
    1187997.989572334,
    1182997.989572334,
    1177997.989572334,
    1172997.989572334,
    1181968.2486065524,
    1176968.2486065524,
    1171968.2486065524,
    1166968.2486065524,
    1161968.2486065524,
    1156968.2486065524,
    1151968.2486065524,
    1146968.2486065524,
    1153469.768637856,
    1148469.768637856,
    1159505.2632840022,
    1183005.8760714084,
    1201367.3719599205,
    1196367.3719599205,
    1191367.3719599205,
    1186367.3719599205,
    1197809.6364499612,
    1192809.6364499612,
    1187809.6364499612,
    1182809.6364499612,
    1177809.6364499612,
    1211131.312532732,
    1206131.312532732,
    1258151.0610666473,
    1253151.0610666473,
    1248151.0610666473,
    1243151.0610666473,
    1238151.0610666473,
    1235897.882769524,
    1230897.882769524,
    1225897.882769524,
    1220897.882769524,
    1215897.882769524,
    1210897.882769524,
    1212685.825960159,
    1207685.825960159,
    1225922.142727739,
    1220922.142727739,
    1215922.142727739,
    1210922.142727739,
    1205922.142727739,
    1200922.142727739,
    1202076.192819751,
    1197076.192819751,
    1208794.5062766538,
    1203794.5062766538,
    1198794.5062766538,
    1221242.4220675433,
    1216242.4220675433,
    1211242.4220675433,
    1206242.4220675433,
    1201242.4220675433,
    1196242.4220675433,
    1191242.4220675433,
    1186242.4220675433,
    1181242.4220675433,
    1176242.4220675433,
    1180893.7558788792,
    1175586.073325395,
    1175023.7523455506,
    1170023.7523455506,
    1183532.636436213,
    1199704.8672828672,
    1194704.8672828672,
    1220376.4278211365,
    1215376.4278211365,
    1240282.259294351,
    1235282.259294351,
    1229015.9573667473,
    1224015.9573667473,
    1219015.9573667473,
    1214015.9573667473,
    1211170.0901634013,
    1206170.0901634013,
    1217889.6532059892,
    1212889.6532059892,
    1226332.692342209,
    1221332.692342209,
    1216332.692342209,
    1211332.692342209,
    1206332.692342209,
    1201332.692342209,
    1197038.4034211491,
    1192038.4034211491,
    1187038.4034211491,
    1182038.4034211491,
    1211406.5434389478,
    1206406.5434389478,
    1201406.5434389478,
    1202358.13140136,
    1197358.13140136,
    1192358.13140136,
    1187358.13140136,
    1189444.7172065722,
    1184444.7172065722,
    1179444.7172065722,
    1190970.2068126302,
    1185970.2068126302,
    1180970.2068126302,
    1175970.2068126302,
    1170501.7898605375,
    1187814.6581227037,
    1182814.6581227037,
    1193381.0264126493,
    1188381.0264126493,
    1183381.0264126493,
    1182020.9105509277,
    1177020.9105509277,
    1172020.9105509277,
    1179356.2325715646,
    1174356.2325715646,
    1169356.2325715646,
    1164356.2325715646,
    1165921.8428240751,
    1160921.8428240751,
    1155921.8428240751,
    1150921.8428240751,
    1145921.8428240751,
    1167949.0450605114,
    1162949.0450605114,
    1157949.0450605114,
    1159742.4606632271,
    1154742.4606632271,
    1149742.4606632271,
    1144742.4606632271,
    1156466.6983295358,
    1151466.6983295358,
    1146466.6983295358,
    1141466.6983295358,
    1138748.7410670705,
    1137369.692084514,
    1132369.692084514,
    1127369.692084514,
    1151396.0973417766,
    1146396.0973417766,
    1141396.0973417766,
    1136396.0973417766,
    1126327.461294245,
    1121327.461294245,
    1139357.463545437,
    1134357.463545437,
    1142064.913427426,
    1156280.1008488163,
    1174417.926369562,
    1189907.5216474913,
    1196807.3641822054,
    1191807.3641822054,
    1186807.3641822054,
    1183585.112804614,
    1178585.112804614,
    1173585.112804614,
    1168585.112804614,
    1163585.112804614,
    1158585.112804614,
    1153585.112804614,
    1163178.6865669184,
    1158178.6865669184,
    1153178.6865669184,
    1169736.2247967366,
    1166866.4127331655,
    1165906.5728426282,
    1164575.8191241953,
    1187409.4540084102,
    1198998.3681025028,
    1211832.7371919383,
    1206832.7371919383,
    1201832.7371919383,
    1196832.7371919383,
    1216199.2927844003,
    1232063.602307205,
    1227063.602307205,
    1236937.3129398285,
    1231937.3129398285,
    1226937.3129398285,
    1221937.3129398285,
    1256527.9109315353,
    1251527.9109315353,
    1272556.7403115425,
    1267556.7403115425,
    1265994.749396005,
    1261796.0826400728,
    1256796.0826400728,
    1251796.0826400728,
    1246796.0826400728,
    1255374.3510268263,
    1259856.2838363056,
    1260533.358481332,
    1255533.358481332,
    1291895.0283926448,
    1286895.0283926448,
    1281895.0283926448,
    1274263.8388188968,
    1301409.116896235,
    1304253.1812094557,
    1299253.1812094557,
    1294253.1812094557,
    1289253.1812094557,
    1284253.1812094557,
    1279253.1812094557,
    1274253.1812094557,
    1269253.1812094557,
    1275711.906729222,
    1278687.9107389958,
    1276610.1062171995,
    1285484.4287409093,
    1280484.4287409093,
    1275484.4287409093,
    1270484.4287409093,
    1265484.4287409093,
    1260484.4287409093,
    1255484.4287409093,
    1250484.4287409093,
    1245484.4287409093,
    1240484.4287409093,
    1241986.7472797567,
    1236986.7472797567,
    1231986.7472797567,
    1226986.7472797567,
    1221986.7472797567,
    1251321.328083919,
    1246321.328083919,
    1241321.328083919,
    1284462.4300267436,
    1281394.0897199095,
    1276394.0897199095,
    1271394.0897199095,
    1266394.0897199095,
    1261394.0897199095,
    1256394.0897199095,
    1275771.6418587912,
    1270771.6418587912,
    1265771.6418587912,
    1260771.6418587912,
    1272301.926873024,
    1267301.926873024,
    1262301.926873024,
    1273000.2263354862,
    1268000.2263354862,
    1263000.2263354862,
    1258000.2263354862,
    1271790.2988789612,
    1285214.69711317,
    1285697.2527277046,
    1302654.1127514667,
    1297654.1127514667,
    1292654.1127514667,
    1287654.1127514667,
    1282654.1127514667,
    1298196.1503363142,
    1313995.143172686,
    1308995.143172686,
    1303995.143172686,
    1368439.1412981458,
    1363439.1412981458,
    1358439.1412981458,
    1353439.1412981458,
    1367427.9157384099,
    1362427.9157384099,
    1382227.6371734994,
    1377055.4246807967,
    1372055.4246807967,
    1386917.2980378044,
    1381917.2980378044,
    1393213.2309523926,
    1388213.2309523926,
    1384166.4250384888,
    1380364.7579051396,
    1375364.7579051396,
    1386203.0634626,
    1390471.6009602228,
    1385471.6009602228,
    1386672.2834534294,
    1381672.2834534294,
    1390614.7488611764,
    1385614.7488611764,
    1380614.7488611764,
    1381794.044258737,
    1376794.044258737,
    1377784.623438001,
    1391250.3065344945,
    1393497.9710705625,
    1391540.0375627598,
    1390893.431760679,
    1385893.431760679,
    1384398.6777722728,
    1379398.6777722728,
    1387059.1513061775,
    1394412.6906835567,
    1389412.6906835567,
    1388315.187745551,
    1383315.187745551,
    1375345.7469637312,
    1370345.7469637312,
    1365345.7469637312,
    1376041.8606179175,
    1371041.8606179175,
    1366041.8606179175,
    1384407.151836394,
    1379407.151836394,
    1381060.4435587898,
    1389884.8529683438,
    1384884.8529683438,
    1393076.6005411595,
    1384182.4985406792,
