{
  "metrics": {
    "Variant": "0.50% stop, ATR\u00d73.0",
    "Capital_Risked": "5.0%",
    "Trades": 1255,
    "Win_rate_pct": 28.0,
    "Win_Loss_ratio": 3.0,
    "Cum_return_pct": 1445.0,
    "Max_DD_pct": 11.0,
    "Max_consec_losses": 25,
    "Max_consec_wins": 6,
    "Win_rate_30d_pct": 24.0,
    "Trades_30d": 33,
    "PnL_30d": -5276.0,
    "Win_rate_7d_pct": 30.0,
    "Trades_7d": 10,
    "PnL_7d": 2139.0,
    "Win_rate_3m_pct": 26.0,
    "Trades_3m": 53,
    "PnL_3m": -14247.0
  },
  "live_position": null,
  "equity_curve": [
    1168592.381083022,
    1182450.446564408,
    1177450.446564408,
    1172450.446564408,
    1183334.6301928472,
    1178334.6301928472,
    1187471.9342297632,
    1203307.4981569306,
    1198307.4981569306,
    1193307.4981569306,
    1193209.3627300414,
    1188209.3627300414,
    1183209.3627300414,
    1178209.3627300414,
    1173209.3627300414,
    1168209.3627300414,
    1163209.3627300414,
    1172369.1858506985,
    1167369.1858506985,
    1180341.2818622359,
    1175341.2818622359,
    1176552.357396851,
    1198015.4061611115,
    1193015.4061611115,
    1188015.4061611115,
    1193597.3748175653,
    1188597.3748175653,
    1183597.3748175653,
    1178597.3748175653,
    1204458.5001185946,
    1199458.5001185946,
    1218493.2564604413,
    1238695.6678721658,
    1230302.2387281242,
    1225302.2387281242,
    1220302.2387281242,
    1215302.2387281242,
    1210302.2387281242,
    1219272.4977623424,
    1214272.4977623424,
    1209272.4977623424,
    1204272.4977623424,
    1199272.4977623424,
    1194272.4977623424,
    1189272.4977623424,
    1184272.4977623424,
    1190774.017793646,
    1185774.017793646,
    1196809.5124397923,
    1220310.1252271985,
    1238671.6211157106,
    1233671.6211157106,
    1228671.6211157106,
    1223671.6211157106,
    1235113.8856057513,
    1230113.8856057513,
    1225113.8856057513,
    1220113.8856057513,
    1215113.8856057513,
    1248435.561688522,
    1243435.561688522,
    1295455.3102224374,
    1290455.3102224374,
    1285455.3102224374,
    1280455.3102224374,
    1275455.3102224374,
    1273202.131925314,
    1268202.131925314,
    1263202.131925314,
    1258202.131925314,
    1253202.131925314,
    1248202.131925314,
    1249990.0751159491,
    1244990.0751159491,
    1263226.391883529,
    1258226.391883529,
    1253226.391883529,
    1248226.391883529,
    1243226.391883529,
    1238226.391883529,
    1233226.391883529,
    1234380.4419755412,
    1229380.4419755412,
    1241098.755432444,
    1236098.755432444,
    1231098.755432444,
    1253546.6712233333,
    1248546.6712233333,
    1243546.6712233333,
    1238546.6712233333,
    1241888.963277637,
    1236888.963277637,
    1231888.963277637,
    1226888.963277637,
    1221888.963277637,
    1216888.963277637,
    1211888.963277637,
    1216540.297088973,
    1211232.6145354887,
    1210670.2935556443,
    1205670.2935556443,
    1219179.1776463068,
    1235351.408492961,
    1230351.408492961,
    1256022.9690312303,
    1251022.9690312303,
    1275928.8005044449,
    1270928.8005044449,
    1264662.498576841,
    1259662.498576841,
    1254662.498576841,
    1249662.498576841,
    1246816.631373495,
    1241816.631373495,
    1253536.194416083,
    1248536.194416083,
    1261979.2335523027,
    1256979.2335523027,
    1251979.2335523027,
    1246979.2335523027,
    1241979.2335523027,
    1236979.2335523027,
    1232684.944631243,
    1227684.944631243,
    1222684.944631243,
    1217684.944631243,
    1229553.263586176,
    1258921.4036039747,
    1253921.4036039747,
    1248921.4036039747,
    1249872.991566387,
    1244872.991566387,
    1239872.991566387,
    1234872.991566387,
    1239797.6989280013,
    1234797.6989280013,
    1229797.6989280013,
    1241323.1885340593,
    1236323.1885340593,
    1231323.1885340593,
    1226323.1885340593,
    1220854.7715819667,
    1238167.6398441328,
    1233167.6398441328,
    1243734.0081340785,
    1238734.0081340785,
    1233734.0081340785,
    1232373.892272357,
    1227373.892272357,
    1222373.892272357,
    1229709.2142929938,
    1224709.2142929938,
    1219709.2142929938,
    1214709.2142929938,
    1216274.8245455043,
    1211274.8245455043,
    1206274.8245455043,
    1201274.8245455043,
    1196274.8245455043,
    1218302.0267819406,
    1213302.0267819406,
    1208302.0267819406,
    1210095.4423846563,
    1205095.4423846563,
    1200095.4423846563,
    1195095.4423846563,
    1206819.680050965,
    1201819.680050965,
    1196819.680050965,
    1191819.680050965,
    1189101.7227884997,
    1187722.673805943,
    1182722.673805943,
    1177722.673805943,
    1201749.0790632055,
    1196749.0790632055,
    1191749.0790632055,
    1186749.0790632055,
    1176680.4430156741,
    1171680.4430156741,
    1189710.4452668661,
    1184710.4452668661,
    1192417.895148855,
    1206633.0825702455,
    1224770.9080909912,
    1240260.5033689204,
    1247160.3459036346,
    1242160.3459036346,
    1237160.3459036346,
    1233938.0945260432,
    1228938.0945260432,
    1223938.0945260432,
    1218938.0945260432,
    1213938.0945260432,
    1208938.0945260432,
    1203938.0945260432,
    1213531.6682883475,
    1208531.6682883475,
    1203531.6682883475,
    1220089.2065181658,
    1217219.3944545947,
    1216259.5545640574,
    1214928.8008456244,
    1237762.4357298394,
    1249351.349823932,
    1262185.7189133675,
    1257185.7189133675,
    1252185.7189133675,
    1247185.7189133675,
    1266552.2745058294,
    1282416.5840286342,
    1277416.5840286342,
    1287290.2946612576,
    1282290.2946612576,
    1277290.2946612576,
    1272290.2946612576,
    1306880.8926529645,
    1301880.8926529645,
    1322909.7220329717,
    1317909.7220329717,
    1316347.731117434,
    1312149.064361502,
    1307149.064361502,
    1302149.064361502,
    1297149.064361502,
    1305727.3327482555,
    1310209.2655577348,
    1310886.340202761,
    1305886.340202761,
    1342248.010114074,
    1337248.010114074,
    1332248.010114074,
    1324616.820540326,
    1351762.098617664,
    1354606.1629308849,
    1349606.1629308849,
    1344606.1629308849,
    1339606.1629308849,
    1334606.1629308849,
    1329606.1629308849,
    1324606.1629308849,
    1319606.1629308849,
    1326064.8884506512,
    1329040.892460425,
    1326963.0879386286,
    1335837.4104623385,
    1330837.4104623385,
    1325837.4104623385,
    1320837.4104623385,
    1315837.4104623385,
    1310837.4104623385,
    1305837.4104623385,
    1300837.4104623385,
    1295837.4104623385,
    1290837.4104623385,
    1292339.7290011859,
    1287339.7290011859,
    1282339.7290011859,
    1277339.7290011859,
    1272339.7290011859,
    1301674.309805348,
    1296674.309805348,
    1291674.309805348,
    1334815.4117481727,
    1331747.0714413386,
    1326747.0714413386,
    1321747.0714413386,
    1316747.0714413386,
    1311747.0714413386,
    1306747.0714413386,
    1326124.6235802204,
    1321124.6235802204,
    1316124.6235802204,
    1311124.6235802204,
    1322654.9085944532,
    1317654.9085944532,
    1312654.9085944532,
    1323353.2080569153,
    1318353.2080569153,
    1313353.2080569153,
    1308353.2080569153,
    1322143.2806003904,
    1335567.6788345992,
    1336050.2344491337,
    1353007.0944728958,
    1348007.0944728958,
    1343007.0944728958,
    1338007.0944728958,
    1333007.0944728958,
    1348549.1320577434,
    1364348.1248941151,
    1359348.1248941151,
    1354348.1248941151,
    1418792.123019575,
    1413792.123019575,
    1408792.123019575,
    1403792.123019575,
    1417780.897459839,
    1412780.897459839,
    1432580.6188949286,
    1427408.4064022258,
    1422408.4064022258,
    1437270.2797592336,
    1432270.2797592336,
    1443566.2126738217,
    1438566.2126738217,
    1434519.406759918,
    1430717.7396265687,
    1425717.7396265687,
    1436556.0451840293,
    1440824.582681652,
    1435824.582681652,
    1437025.2651748585,
    1432025.2651748585,
