{
  "metrics": {
    "Variant": "0.50% stop, ATR\u00d73.0",
    "Capital_Risked": "5.0%",
    "Trades": 1274,
    "Win_rate_pct": 27.0,
    "Win_Loss_ratio": 3.0,
    "Cum_return_pct": 1352.0,
    "Max_DD_pct": 12.0,
    "Max_consec_losses": 24,
    "Max_consec_wins": 5,
    "Win_rate_30d_pct": 22.0,
    "Trades_30d": 32,
    "PnL_30d": -24936.0,
    "Win_rate_7d_pct": 14.0,
    "Trades_7d": 7,
    "PnL_7d": -8850.0,
    "Win_rate_3m_pct": 25.0,
    "Trades_3m": 93,
    "PnL_3m": -38463.0
  },
  "live_position": null,
  "equity_curve": [
    1166189.1837796483,
    1161189.1837796483,
    1170159.4428138665,
    1165159.4428138665,
    1160159.4428138665,
    1155159.4428138665,
    1150159.4428138665,
    1145159.4428138665,
    1140159.4428138665,
    1135159.4428138665,
    1141660.9628451704,
    1136660.9628451704,
    1147696.4574913164,
    1171197.0702787226,
    1189558.5661672347,
    1184558.5661672347,
    1179558.5661672347,
    1174558.5661672347,
    1186000.8306572754,
    1181000.8306572754,
    1176000.8306572754,
    1171000.8306572754,
    1166000.8306572754,
    1199322.5067400462,
    1194322.5067400462,
    1246342.2552739615,
    1241342.2552739615,
    1236342.2552739615,
    1231342.2552739615,
    1226342.2552739615,
    1224089.076976838,
    1219089.076976838,
    1214089.076976838,
    1209089.076976838,
    1204089.076976838,
    1199089.076976838,
    1200877.0201674732,
    1195877.0201674732,
    1214113.336935053,
    1209113.336935053,
    1204113.336935053,
    1199113.336935053,
    1194113.336935053,
    1189113.336935053,
    1190267.3870270653,
    1185267.3870270653,
    1196985.700483968,
    1191985.700483968,
    1186985.700483968,
    1209433.6162748574,
    1204433.6162748574,
    1199433.6162748574,
    1194433.6162748574,
    1189433.6162748574,
    1184433.6162748574,
    1179433.6162748574,
    1174433.6162748574,
    1169433.6162748574,
    1164433.6162748574,
    1169084.9500861934,
    1163777.267532709,
    1163214.9465528647,
    1158214.9465528647,
    1171723.8306435272,
    1187896.0614901814,
    1182896.0614901814,
    1208567.6220284507,
    1203567.6220284507,
    1228473.4535016653,
    1223473.4535016653,
    1217207.1515740615,
    1212207.1515740615,
    1207207.1515740615,
    1202207.1515740615,
    1199361.2843707155,
    1194361.2843707155,
    1206080.8474133033,
    1201080.8474133033,
    1214523.886549523,
    1209523.886549523,
    1204523.886549523,
    1199523.886549523,
    1194523.886549523,
    1189523.886549523,
    1185229.5976284633,
    1180229.5976284633,
    1175229.5976284633,
    1170229.5976284633,
    1199597.737646262,
    1194597.737646262,
    1189597.737646262,
    1190549.3256086742,
    1185549.3256086742,
    1180549.3256086742,
    1175549.3256086742,
    1177635.9114138864,
    1172635.9114138864,
    1167635.9114138864,
    1179161.4010199443,
    1174161.4010199443,
    1169161.4010199443,
    1164161.4010199443,
    1158692.9840678517,
    1176005.8523300178,
    1171005.8523300178,
    1181572.2206199635,
    1176572.2206199635,
    1171572.2206199635,
    1170212.104758242,
    1165212.104758242,
    1160212.104758242,
    1167547.4267788788,
    1162547.4267788788,
    1157547.4267788788,
    1152547.4267788788,
    1154113.0370313893,
    1149113.0370313893,
    1144113.0370313893,
    1139113.0370313893,
    1134113.0370313893,
    1156140.2392678256,
    1151140.2392678256,
    1146140.2392678256,
    1147933.6548705413,
    1142933.6548705413,
    1137933.6548705413,
    1132933.6548705413,
    1144657.8925368502,
    1139657.8925368502,
    1134657.8925368502,
    1129657.8925368502,
    1126939.935274385,
    1125560.8862918285,
    1120560.8862918285,
    1115560.8862918285,
    1139587.291549091,
    1134587.291549091,
    1129587.291549091,
    1124587.291549091,
    1114518.6555015594,
    1109518.6555015594,
    1127548.6577527514,
    1122548.6577527514,
    1130256.1076347404,
    1144471.2950561307,
    1162609.1205768764,
    1178098.7158548057,
    1184998.5583895198,
    1179998.5583895198,
    1174998.5583895198,
    1171776.3070119284,
    1166776.3070119284,
    1161776.3070119284,
    1156776.3070119284,
    1151776.3070119284,
    1146776.3070119284,
    1141776.3070119284,
    1151369.8807742328,
    1146369.8807742328,
    1141369.8807742328,
    1157927.419004051,
    1155057.60694048,
    1154097.7670499426,
    1152767.0133315097,
    1175600.6482157246,
    1187189.5623098172,
    1200023.9313992527,
    1195023.9313992527,
    1190023.9313992527,
    1185023.9313992527,
    1204390.4869917147,
    1220254.7965145195,
    1215254.7965145195,
    1225128.507147143,
    1220128.507147143,
    1215128.507147143,
    1210128.507147143,
    1244719.1051388497,
    1239719.1051388497,
    1260747.934518857,
    1255747.934518857,
    1254185.9436033193,
    1249987.2768473872,
    1244987.2768473872,
    1239987.2768473872,
    1234987.2768473872,
    1243565.5452341407,
    1248047.47804362,
    1248724.5526886464,
    1243724.5526886464,
    1280086.2225999592,
    1275086.2225999592,
    1270086.2225999592,
    1262455.0330262112,
    1289600.3111035493,
    1292444.37541677,
    1287444.37541677,
    1282444.37541677,
    1277444.37541677,
    1272444.37541677,
    1267444.37541677,
    1262444.37541677,
    1257444.37541677,
    1263903.1009365364,
    1266879.1049463102,
    1264801.3004245139,
    1273675.6229482237,
    1268675.6229482237,
    1263675.6229482237,
    1258675.6229482237,
    1253675.6229482237,
    1248675.6229482237,
    1243675.6229482237,
    1238675.6229482237,
    1233675.6229482237,
    1228675.6229482237,
    1230177.941487071,
    1225177.941487071,
    1220177.941487071,
    1215177.941487071,
    1210177.941487071,
    1239512.5222912333,
    1234512.5222912333,
    1229512.5222912333,
    1272653.624234058,
    1269585.2839272239,
    1264585.2839272239,
    1259585.2839272239,
    1254585.2839272239,
    1249585.2839272239,
    1244585.2839272239,
    1263962.8360661056,
    1258962.8360661056,
    1253962.8360661056,
    1248962.8360661056,
    1260493.1210803385,
    1255493.1210803385,
    1250493.1210803385,
    1261191.4205428006,
    1256191.4205428006,
    1251191.4205428006,
    1246191.4205428006,
    1259981.4930862756,
    1273405.8913204845,
    1273888.446935019,
    1290845.306958781,
    1285845.306958781,
    1280845.306958781,
    1275845.306958781,
    1270845.306958781,
    1286387.3445436286,
    1302186.3373800004,
    1297186.3373800004,
    1292186.3373800004,
    1356630.3355054602,
    1351630.3355054602,
    1346630.3355054602,
    1341630.3355054602,
    1355619.1099457243,
    1350619.1099457243,
    1370418.8313808138,
    1365246.618888111,
    1360246.618888111,
    1375108.4922451188,
    1370108.4922451188,
    1381404.425159707,
    1376404.425159707,
    1372357.6192458032,
    1368555.952112454,
    1363555.952112454,
    1374394.2576699145,
    1378662.7951675372,
    1373662.7951675372,
    1374863.4776607438,
    1369863.4776607438,
    1378805.9430684908,
    1373805.9430684908,
    1368805.9430684908,
    1369985.2384660514,
    1364985.2384660514,
    1365975.8176453153,
    1379441.500741809,
    1381689.165277877,
    1379731.2317700742,
    1379084.6259679934,
    1374084.6259679934,
    1372589.8719795872,
    1367589.8719795872,
    1375250.345513492,
    1382603.8848908711,
    1377603.8848908711,
    1376506.3819528655,
    1371506.3819528655,
    1363536.9411710456,
    1358536.9411710456,
    1353536.9411710456,
    1364233.054825232,
    1359233.054825232,
    1354233.054825232,
    1372598.3460437085,
    1367598.3460437085,
    1369251.6377661042,
    1378076.0471756582,
    1373076.0471756582,
    1381267.794748474,
    1372373.6927479936,
    1376042.8969656872,
    1372091.391836422,
    1367091.391836422,
    1362091.391836422,
    1363978.1662184317,
    1358978.1662184317,
    1364847.8015234822,
    1378821.5991333388,
