{
  "metrics": {
    "Variant": "0.50% stop, ATR\u00d73.0",
    "Capital_Risked": "5.0%",
    "Trades": 1278,
    "Win_rate_pct": 27.0,
    "Win_Loss_ratio": 3.0,
    "Cum_return_pct": 1270.0,
    "Max_DD_pct": 12.0,
    "Max_consec_losses": 24,
    "Max_consec_wins": 5,
    "Win_rate_30d_pct": 26.0,
    "Trades_30d": 34,
    "PnL_30d": 16921.0,
    "Win_rate_7d_pct": 30.0,
    "Trades_7d": 10,
    "PnL_7d": 15504.0,
    "Win_rate_3m_pct": 26.0,
    "Trades_3m": 97,
    "PnL_3m": -12303.0
  },
  "live_position": null,
  "equity_curve": [
    1034182.8001237486,
    1029182.8001237486,
    1024182.8001237486,
    1030684.3201550524,
    1025684.3201550524,
    1036719.8148011984,
    1060220.4275886049,
    1078581.923477117,
    1073581.923477117,
    1068581.923477117,
    1063581.923477117,
    1075024.1879671577,
    1070024.1879671577,
    1065024.1879671577,
    1060024.1879671577,
    1055024.1879671577,
    1088345.8640499285,
    1083345.8640499285,
    1135365.612583844,
    1130365.612583844,
    1125365.612583844,
    1120365.612583844,
    1115365.612583844,
    1113112.4342867204,
    1108112.4342867204,
    1103112.4342867204,
    1098112.4342867204,
    1093112.4342867204,
    1088112.4342867204,
    1089900.3774773555,
    1084900.3774773555,
    1103136.6942449354,
    1098136.6942449354,
    1093136.6942449354,
    1088136.6942449354,
    1083136.6942449354,
    1078136.6942449354,
    1079290.7443369476,
    1074290.7443369476,
    1086009.0577938505,
    1081009.0577938505,
    1076009.0577938505,
    1098456.97358474,
    1093456.97358474,
    1088456.97358474,
    1083456.97358474,
    1078456.97358474,
    1073456.97358474,
    1068456.97358474,
    1063456.97358474,
    1058456.97358474,
    1053456.97358474,
    1058108.3073960757,
    1052800.6248425914,
    1052238.303862747,
    1047238.303862747,
    1060747.1879534095,
    1076919.4188000637,
    1071919.4188000637,
    1097590.979338333,
    1092590.979338333,
    1117496.8108115473,
    1112496.8108115473,
    1106230.5088839435,
    1101230.5088839435,
    1096230.5088839435,
    1091230.5088839435,
    1088384.6416805976,
    1083384.6416805976,
    1095104.2047231854,
    1090104.2047231854,
    1103547.2438594054,
    1098547.2438594054,
    1093547.2438594054,
    1088547.2438594054,
    1083547.2438594054,
    1078547.2438594054,
    1074252.9549383456,
    1069252.9549383456,
    1064252.9549383456,
    1059252.9549383456,
    1088621.0949561442,
    1083621.0949561442,
    1078621.0949561442,
    1079572.6829185565,
    1074572.6829185565,
    1069572.6829185565,
    1064572.6829185565,
    1066659.2687237684,
    1061659.2687237684,
    1056659.2687237684,
    1068184.7583298264,
    1063184.7583298264,
    1058184.7583298264,
    1053184.7583298264,
    1047716.3413777337,
    1065029.2096399,
    1060029.2096399,
    1070595.5779298455,
    1065595.5779298455,
    1060595.5779298455,
    1059235.462068124,
    1054235.462068124,
    1049235.462068124,
    1056570.7840887606,
    1051570.7840887606,
    1046570.7840887607,
    1041570.7840887607,
    1043136.3943412713,
    1038136.3943412713,
    1033136.3943412713,
    1028136.3943412713,
    1023136.3943412713,
    1045163.5965777076,
    1040163.5965777076,
    1035163.5965777076,
    1036957.0121804234,
    1031957.0121804234,
    1026957.0121804234,
    1021957.0121804234,
    1033681.2498467321,
    1028681.2498467321,
    1023681.2498467321,
    1018681.2498467321,
    1015963.292584267,
    1014584.2436017103,
    1009584.2436017103,
    1004584.2436017103,
    1028610.6488589729,
    1023610.6488589729,
    1018610.6488589729,
    1013610.6488589729,
    1003542.0128114414,
    998542.0128114414,
    1016572.0150626334,
    1011572.0150626334,
    1019279.4649446224,
    1033494.6523660128,
    1051632.4778867583,
    1067122.0731646875,
    1074021.9156994019,
    1069021.9156994019,
    1064021.9156994019,
    1060799.6643218105,
    1055799.6643218105,
    1050799.6643218105,
    1045799.6643218105,
    1040799.6643218105,
    1035799.6643218105,
    1030799.6643218105,
    1040393.2380841149,
    1035393.2380841149,
    1030393.2380841149,
    1046950.7763139331,
    1044080.964250362,
    1043121.1243598246,
    1041790.3706413916,
    1064624.0055256065,
    1076212.919619699,
    1089047.2887091346,
    1084047.2887091346,
    1079047.2887091346,
    1074047.2887091346,
    1093413.8443015963,
    1109278.153824401,
    1104278.153824401,
    1114151.8644570247,
    1109151.8644570247,
    1104151.8644570247,
    1099151.8644570247,
    1133742.4624487315,
    1128742.4624487315,
    1149771.2918287388,
    1144771.2918287388,
    1143209.3009132012,
    1139010.6341572688,
    1134010.6341572688,
    1129010.6341572688,
    1124010.6341572688,
    1132588.9025440225,
    1137070.8353535016,
    1137747.9099985282,
    1132747.9099985282,
    1169109.579909841,
    1164109.579909841,
    1159109.579909841,
    1151478.390336093,
    1178623.6684134312,
    1181467.732726652,
    1176467.732726652,
    1171467.732726652,
    1166467.732726652,
    1161467.732726652,
    1156467.732726652,
    1151467.732726652,
    1146467.732726652,
    1152926.4582464183,
    1155902.462256192,
    1153824.6577343957,
    1162698.9802581056,
    1157698.9802581056,
    1152698.9802581056,
    1147698.9802581056,
    1142698.9802581056,
    1137698.9802581056,
    1132698.9802581056,
    1127698.9802581056,
    1122698.9802581056,
    1117698.9802581056,
    1119201.298796953,
    1114201.298796953,
    1109201.298796953,
    1104201.298796953,
    1099201.298796953,
    1128535.8796011151,
    1123535.8796011151,
    1118535.8796011151,
    1161676.9815439398,
    1158608.6412371057,
    1153608.6412371057,
    1148608.6412371057,
    1143608.6412371057,
    1138608.6412371057,
    1133608.6412371057,
    1152986.1933759875,
    1147986.1933759875,
    1142986.1933759875,
    1137986.1933759875,
    1149516.4783902203,
    1144516.4783902203,
    1139516.4783902203,
    1150214.7778526824,
    1145214.7778526824,
    1140214.7778526824,
    1135214.7778526824,
    1149004.8503961575,
    1162429.2486303663,
    1162911.8042449008,
    1179868.664268663,
    1174868.664268663,
    1169868.664268663,
    1164868.664268663,
    1159868.664268663,
    1175410.7018535105,
    1191209.6946898822,
    1186209.6946898822,
    1250653.692815342,
    1245653.692815342,
    1240653.692815342,
    1235653.692815342,
    1249642.467255606,
    1244642.467255606,
    1264442.1886906957,
    1259269.976197993,
    1254269.976197993,
    1269131.8495550007,
    1264131.8495550007,
    1275427.7824695888,
    1270427.7824695888,
    1266380.976555685,
    1262579.3094223358,
    1257579.3094223358,
    1268417.6149797963,
    1272686.152477419,
    1267686.152477419,
    1268886.8349706256,
    1263886.8349706256,
    1272829.3003783727,
    1267829.3003783727,
    1262829.3003783727,
    1264008.5957759332,
    1259008.5957759332,
    1259999.1749551971,
    1273464.8580516907,
    1275712.5225877587,
    1273754.589079956,
    1273107.9832778752,
    1268107.9832778752,
    1266613.229289469,
    1261613.229289469,
    1269273.7028233737,
    1276627.242200753,
    1271627.242200753,
    1270529.7392627473,
    1265529.7392627473,
    1257560.2984809275,
    1252560.2984809275,
    1247560.2984809275,
    1258256.4121351137,
    1253256.4121351137,
    1248256.4121351137,
    1266621.7033535903,
    1261621.7033535903,
    1263274.995075986,
    1272099.40448554,
    1267099.40448554,
    1275291.1520583557,
    1266397.0500578755,
    1270066.254275569,
    1266114.7491463039,
    1261114.7491463039,
    1256114.7491463039,
    1258001.5235283135,
    1253001.5235283135,
    1258871.158833364,
    1272844.9564432206,
    1282857.4249048827,
    1287113.921237677,
    1282113.921237677,
    1284929.8092529015,
    1279929.8092529015,
    1297255.5429065323,
    1299765.6963119847,
    1294765.6963119847,
