{
  "metrics": {
    "Variant": "0.50% stop, ATR\u00d73.0",
    "Capital_Risked": "5.0%",
    "Trades": 1248,
    "Win_rate_pct": 28.0,
    "Win_Loss_ratio": 3.0,
    "Cum_return_pct": 1438.0,
    "Max_DD_pct": 11.0,
    "Max_consec_losses": 25,
    "Max_consec_wins": 7,
    "Win_rate_30d_pct": 25.0,
    "Trades_30d": 28,
    "PnL_30d": -8609.0,
    "Win_rate_7d_pct": 10.0,
    "Trades_7d": 10,
    "PnL_7d": -42274.0,
    "Win_rate_3m_pct": 27.0,
    "Trades_3m": 44,
    "PnL_3m": -13660.0
  },
  "live_position": {
    "variant": "0.50% stop, ATR\u00d73.0",
    "entry_time": "2026-02-09 08:00:00",
    "position": "short",
    "entry_price": 69871.0,
    "stop_price": 70220.0,
    "tp_price": 67554.0
  },
  "equity_curve": [
    1177887.7568955875,
    1168491.244904627,
    1163491.244904627,
    1158491.244904627,
    1153491.244904627,
    1167065.2308937057,
    1162065.2308937057,
    1164297.1530307005,
    1159297.1530307005,
    1156726.6816813473,
    1170584.7471627332,
    1165584.7471627332,
    1160584.7471627332,
    1171468.9307911724,
    1166468.9307911724,
    1175606.2348280884,
    1191441.7987552558,
    1186441.7987552558,
    1181441.7987552558,
    1181343.6633283666,
    1176343.6633283666,
    1171343.6633283666,
    1166343.6633283666,
    1161343.6633283666,
    1156343.6633283666,
    1151343.6633283666,
    1160503.4864490237,
    1155503.4864490237,
    1168475.582460561,
    1163475.582460561,
    1164686.6579951763,
    1186149.7067594368,
    1181149.7067594368,
    1176149.7067594368,
    1181731.6754158905,
    1176731.6754158905,
    1171731.6754158905,
    1166731.6754158905,
    1192592.8007169198,
    1187592.8007169198,
    1206627.5570587665,
    1226829.968470491,
    1218436.5393264494,
    1213436.5393264494,
    1208436.5393264494,
    1203436.5393264494,
    1198436.5393264494,
    1207406.7983606677,
    1202406.7983606677,
    1197406.7983606677,
    1192406.7983606677,
    1187406.7983606677,
    1182406.7983606677,
    1177406.7983606677,
    1172406.7983606677,
    1178908.3183919713,
    1173908.3183919713,
    1184943.8130381175,
    1208444.4258255237,
    1226805.9217140358,
    1221805.9217140358,
    1216805.9217140358,
    1211805.9217140358,
    1223248.1862040765,
    1218248.1862040765,
    1213248.1862040765,
    1208248.1862040765,
    1203248.1862040765,
    1236569.8622868473,
    1231569.8622868473,
    1283589.6108207626,
    1278589.6108207626,
    1273589.6108207626,
    1268589.6108207626,
    1263589.6108207626,
    1261336.4325236392,
    1256336.4325236392,
    1251336.4325236392,
    1246336.4325236392,
    1241336.4325236392,
    1236336.4325236392,
    1238124.3757142744,
    1233124.3757142744,
    1251360.6924818542,
    1246360.6924818542,
    1241360.6924818542,
    1236360.6924818542,
    1231360.6924818542,
    1226360.6924818542,
    1226344.2572776468,
    1227498.307369659,
    1222498.307369659,
    1234216.6208265617,
    1229216.6208265617,
    1224216.6208265617,
    1246664.536617451,
    1241664.536617451,
    1236664.536617451,
    1231664.536617451,
    1235006.8286717548,
    1230006.8286717548,
    1225006.8286717548,
    1220006.8286717548,
    1215006.8286717548,
    1210006.8286717548,
    1205006.8286717548,
    1209658.1624830908,
    1204350.4799296064,
    1203788.1589497621,
    1198788.1589497621,
    1212297.0430404246,
    1228469.2738870787,
    1223469.2738870787,
    1249140.834425348,
    1244140.834425348,
    1269046.6658985626,
    1264046.6658985626,
    1257780.3639709589,
    1252780.3639709589,
    1247780.3639709589,
    1242780.3639709589,
    1239934.4967676129,
    1234934.4967676129,
    1246654.0598102007,
    1241654.0598102007,
    1255097.0989464205,
    1250097.0989464205,
    1245097.0989464205,
    1240097.0989464205,
    1235097.0989464205,
    1230097.0989464205,
    1225802.8100253607,
    1220802.8100253607,
    1215802.8100253607,
    1210802.8100253607,
    1222671.1289802939,
    1252039.2689980925,
    1247039.2689980925,
    1242039.2689980925,
    1242990.8569605048,
    1237990.8569605048,
    1232990.8569605048,
    1227990.8569605048,
    1232915.564322119,
    1227915.564322119,
    1222915.564322119,
    1234441.053928177,
    1229441.053928177,
    1224441.053928177,
    1219441.053928177,
    1213972.6369760844,
    1231285.5052382506,
    1226285.5052382506,
    1236851.8735281962,
    1231851.8735281962,
    1226851.8735281962,
    1225491.7576664747,
    1220491.7576664747,
    1215491.7576664747,
    1222827.0796871115,
    1217827.0796871115,
    1212827.0796871115,
    1207827.0796871115,
    1209392.689939622,
    1204392.689939622,
    1199392.689939622,
    1194392.689939622,
    1189392.689939622,
    1211419.8921760584,
    1206419.8921760584,
    1201419.8921760584,
    1203213.307778774,
    1198213.307778774,
    1193213.307778774,
    1188213.307778774,
    1199937.5454450827,
    1194937.5454450827,
    1189937.5454450827,
    1184937.5454450827,
    1182219.5881826174,
    1180840.5392000608,
    1175840.5392000608,
    1170840.5392000608,
    1194866.9444573233,
    1189866.9444573233,
    1184866.9444573233,
    1179866.9444573233,
    1169798.308409792,
    1164798.308409792,
    1182828.310660984,
    1177828.310660984,
    1185535.7605429727,
    1199750.9479643633,
    1217888.773485109,
    1233378.3687630382,
    1240278.2112977523,
    1235278.2112977523,
    1230278.2112977523,
    1227055.959920161,
    1222055.959920161,
    1217055.959920161,
    1212055.959920161,
    1207055.959920161,
    1202055.959920161,
    1197055.959920161,
    1206649.5336824653,
    1201649.5336824653,
    1196649.5336824653,
    1213207.0719122835,
    1210337.2598487125,
    1209377.4199581752,
    1208046.6662397422,
    1230880.3011239571,
    1242469.2152180497,
    1255303.5843074853,
    1250303.5843074853,
    1245303.5843074853,
    1240303.5843074853,
    1259670.1398999472,
    1275534.449422752,
    1270534.449422752,
    1280408.1600553754,
    1275408.1600553754,
    1270408.1600553754,
    1265408.1600553754,
    1299998.7580470822,
    1294998.7580470822,
    1316027.5874270895,
    1311027.5874270895,
    1309465.5965115519,
    1305266.9297556197,
    1300266.9297556197,
    1295266.9297556197,
    1290266.9297556197,
    1298845.1981423732,
    1303327.1309518525,
    1304004.205596879,
    1299004.205596879,
    1335365.8755081918,
    1330365.8755081918,
    1325365.8755081918,
    1317734.6859344437,
    1344879.9640117818,
    1347724.0283250026,
    1342724.0283250026,
    1337724.0283250026,
    1332724.0283250026,
    1327724.0283250026,
    1322724.0283250026,
    1317724.0283250026,
    1312724.0283250026,
    1319182.753844769,
    1322158.7578545427,
    1320080.9533327464,
    1328955.2758564563,
    1323955.2758564563,
    1318955.2758564563,
    1313955.2758564563,
    1308955.2758564563,
    1303955.2758564563,
    1298955.2758564563,
    1293955.2758564563,
    1288955.2758564563,
    1283955.2758564563,
    1285457.5943953036,
    1280457.5943953036,
    1275457.5943953036,
    1270457.5943953036,
    1265457.5943953036,
    1294792.1751994658,
    1289792.1751994658,
    1284792.1751994658,
    1327933.2771422905,
    1324864.9368354564,
    1319864.9368354564,
    1314864.9368354564,
    1309864.9368354564,
    1304864.9368354564,
    1299864.9368354564,
    1319242.4889743382,
    1314242.4889743382,
    1309242.4889743382,
    1304242.4889743382,
    1315772.773988571,
    1310772.773988571,
    1305772.773988571,
    1316471.073451033,
    1311471.073451033,
    1306471.073451033,
    1301471.073451033,
    1315261.1459945082,
    1328685.544228717,
    1329168.0998432515,
    1346124.9598670136,
    1341124.9598670136,
    1336124.9598670136,
    1331124.9598670136,
    1326124.9598670136,
    1341666.9974518612,
    1357465.990288233,
    1352465.990288233,
    1347465.990288233,
    1411909.9884136927,
    1406909.9884136927,
    1401909.9884136927,
