{
  "metrics": {
    "Variant": "0.50% stop, ATR\u00d73.0",
    "Capital_Risked": "5.0%",
    "Trades": 1256,
    "Win_rate_pct": 28.0,
    "Win_Loss_ratio": 3.0,
    "Cum_return_pct": 1440.0,
    "Max_DD_pct": 11.0,
    "Max_consec_losses": 25,
    "Max_consec_wins": 6,
    "Win_rate_30d_pct": 23.0,
    "Trades_30d": 35,
    "PnL_30d": -15276.0,
    "Win_rate_7d_pct": 18.0,
    "Trades_7d": 11,
    "PnL_7d": -10587.0,
    "Win_rate_3m_pct": 25.0,
    "Trades_3m": 55,
    "PnL_3m": -24247.0
  },
  "live_position": null,
  "equity_curve": [
    1182450.446564408,
    1177450.446564408,
    1188334.6301928472,
    1183334.6301928472,
    1192471.9342297632,
    1208307.4981569306,
    1203307.4981569306,
    1198307.4981569306,
    1198209.3627300414,
    1193209.3627300414,
    1188209.3627300414,
    1183209.3627300414,
    1178209.3627300414,
    1173209.3627300414,
    1168209.3627300414,
    1177369.1858506985,
    1172369.1858506985,
    1185341.2818622359,
    1180341.2818622359,
    1181552.357396851,
    1203015.4061611115,
    1198015.4061611115,
    1193015.4061611115,
    1198597.3748175653,
    1193597.3748175653,
    1188597.3748175653,
    1183597.3748175653,
    1209458.5001185946,
    1204458.5001185946,
    1223493.2564604413,
    1243695.6678721658,
    1235302.2387281242,
    1230302.2387281242,
    1225302.2387281242,
    1220302.2387281242,
    1215302.2387281242,
    1224272.4977623424,
    1219272.4977623424,
    1214272.4977623424,
    1209272.4977623424,
    1204272.4977623424,
    1199272.4977623424,
    1194272.4977623424,
    1189272.4977623424,
    1195774.017793646,
    1190774.017793646,
    1201809.5124397923,
    1225310.1252271985,
    1243671.6211157106,
    1238671.6211157106,
    1233671.6211157106,
    1228671.6211157106,
    1240113.8856057513,
    1235113.8856057513,
    1230113.8856057513,
    1225113.8856057513,
    1220113.8856057513,
    1253435.561688522,
    1248435.561688522,
    1300455.3102224374,
    1295455.3102224374,
    1290455.3102224374,
    1285455.3102224374,
    1280455.3102224374,
    1278202.131925314,
    1273202.131925314,
    1268202.131925314,
    1263202.131925314,
    1258202.131925314,
    1253202.131925314,
    1254990.0751159491,
    1249990.0751159491,
    1268226.391883529,
    1263226.391883529,
    1258226.391883529,
    1253226.391883529,
    1248226.391883529,
    1243226.391883529,
    1238226.391883529,
    1239380.4419755412,
    1234380.4419755412,
    1246098.755432444,
    1241098.755432444,
    1236098.755432444,
    1258546.6712233333,
    1253546.6712233333,
    1248546.6712233333,
    1243546.6712233333,
    1246888.963277637,
    1241888.963277637,
    1236888.963277637,
    1231888.963277637,
    1226888.963277637,
    1221888.963277637,
    1216888.963277637,
    1221540.297088973,
    1216232.6145354887,
    1215670.2935556443,
    1210670.2935556443,
    1224179.1776463068,
    1240351.408492961,
    1235351.408492961,
    1261022.9690312303,
    1256022.9690312303,
    1280928.8005044449,
    1275928.8005044449,
    1269662.498576841,
    1264662.498576841,
    1259662.498576841,
    1254662.498576841,
    1251816.631373495,
    1246816.631373495,
    1258536.194416083,
    1253536.194416083,
    1266979.2335523027,
    1261979.2335523027,
    1256979.2335523027,
    1251979.2335523027,
    1246979.2335523027,
    1241979.2335523027,
    1237684.944631243,
    1232684.944631243,
    1227684.944631243,
    1222684.944631243,
    1234553.263586176,
    1263921.4036039747,
    1258921.4036039747,
    1253921.4036039747,
    1254872.991566387,
    1249872.991566387,
    1244872.991566387,
    1239872.991566387,
    1244797.6989280013,
    1239797.6989280013,
    1234797.6989280013,
    1246323.1885340593,
    1241323.1885340593,
    1236323.1885340593,
    1231323.1885340593,
    1225854.7715819667,
    1243167.6398441328,
    1238167.6398441328,
    1248734.0081340785,
    1243734.0081340785,
    1238734.0081340785,
    1237373.892272357,
    1232373.892272357,
    1227373.892272357,
    1234709.2142929938,
    1229709.2142929938,
    1224709.2142929938,
    1219709.2142929938,
    1221274.8245455043,
    1216274.8245455043,
    1211274.8245455043,
    1206274.8245455043,
    1201274.8245455043,
    1223302.0267819406,
    1218302.0267819406,
    1213302.0267819406,
    1215095.4423846563,
    1210095.4423846563,
    1205095.4423846563,
    1200095.4423846563,
    1211819.680050965,
    1206819.680050965,
    1201819.680050965,
    1196819.680050965,
    1194101.7227884997,
    1192722.673805943,
    1187722.673805943,
    1182722.673805943,
    1206749.0790632055,
    1201749.0790632055,
    1196749.0790632055,
    1191749.0790632055,
    1181680.4430156741,
    1176680.4430156741,
    1194710.4452668661,
    1189710.4452668661,
    1197417.895148855,
    1211633.0825702455,
    1229770.9080909912,
    1245260.5033689204,
    1252160.3459036346,
    1247160.3459036346,
    1242160.3459036346,
    1238938.0945260432,
    1233938.0945260432,
    1228938.0945260432,
    1223938.0945260432,
    1218938.0945260432,
    1213938.0945260432,
    1208938.0945260432,
    1218531.6682883475,
    1213531.6682883475,
    1208531.6682883475,
    1225089.2065181658,
    1222219.3944545947,
    1221259.5545640574,
    1219928.8008456244,
    1242762.4357298394,
    1254351.349823932,
    1267185.7189133675,
    1262185.7189133675,
    1257185.7189133675,
    1252185.7189133675,
    1271552.2745058294,
    1287416.5840286342,
    1282416.5840286342,
    1292290.2946612576,
    1287290.2946612576,
    1282290.2946612576,
    1277290.2946612576,
    1311880.8926529645,
    1306880.8926529645,
    1327909.7220329717,
    1322909.7220329717,
    1321347.731117434,
    1317149.064361502,
    1312149.064361502,
    1307149.064361502,
    1302149.064361502,
    1310727.3327482555,
    1315209.2655577348,
    1315886.340202761,
    1310886.340202761,
    1347248.010114074,
    1342248.010114074,
    1337248.010114074,
    1329616.820540326,
    1356762.098617664,
    1359606.1629308849,
    1354606.1629308849,
    1349606.1629308849,
    1344606.1629308849,
    1339606.1629308849,
    1334606.1629308849,
    1329606.1629308849,
    1324606.1629308849,
    1331064.8884506512,
    1334040.892460425,
    1331963.0879386286,
    1340837.4104623385,
    1335837.4104623385,
    1330837.4104623385,
    1325837.4104623385,
    1320837.4104623385,
    1315837.4104623385,
    1310837.4104623385,
    1305837.4104623385,
    1300837.4104623385,
    1295837.4104623385,
    1297339.7290011859,
    1292339.7290011859,
    1287339.7290011859,
    1282339.7290011859,
    1277339.7290011859,
    1306674.309805348,
    1301674.309805348,
    1296674.309805348,
    1339815.4117481727,
    1336747.0714413386,
    1331747.0714413386,
    1326747.0714413386,
    1321747.0714413386,
    1316747.0714413386,
    1311747.0714413386,
    1331124.6235802204,
    1326124.6235802204,
    1321124.6235802204,
    1316124.6235802204,
    1327654.9085944532,
    1322654.9085944532,
    1317654.9085944532,
    1328353.2080569153,
    1323353.2080569153,
    1318353.2080569153,
    1313353.2080569153,
    1327143.2806003904,
    1340567.6788345992,
    1341050.2344491337,
    1358007.0944728958,
    1353007.0944728958,
    1348007.0944728958,
    1343007.0944728958,
    1338007.0944728958,
    1353549.1320577434,
    1369348.1248941151,
    1364348.1248941151,
    1359348.1248941151,
    1423792.123019575,
    1418792.123019575,
    1413792.123019575,
    1408792.123019575,
    1422780.897459839,
    1417780.897459839,
    1437580.6188949286,
    1432408.4064022258,
    1427408.4064022258,
    1442270.2797592336,
    1437270.2797592336,
    1448566.2126738217,
    1443566.2126738217,
    1439519.406759918,
    1435717.7396265687,
    1430717.7396265687,
    1441556.0451840293,
    1445824.582681652,
    1440824.582681652,
    1442025.2651748585,
    1437025.2651748585,
    1445967.7305826056,
    1440967.7305826056,
