{
  "metrics": {
    "Variant": "0.50% stop, ATR\u00d73.0",
    "Capital_Risked": "5.0%",
    "Trades": 1281,
    "Win_rate_pct": 27.0,
    "Win_Loss_ratio": 3.0,
    "Cum_return_pct": 1315.0,
    "Max_DD_pct": 12.0,
    "Max_consec_losses": 24,
    "Max_consec_wins": 5,
    "Win_rate_30d_pct": 26.0,
    "Trades_30d": 34,
    "PnL_30d": 16921.0,
    "Win_rate_7d_pct": 30.0,
    "Trades_7d": 10,
    "PnL_7d": 15504.0,
    "Win_rate_3m_pct": 26.0,
    "Trades_3m": 97,
    "PnL_3m": -12303.0
  },
  "live_position": null,
  "equity_curve": [
    1078444.9832352526,
    1073444.9832352526,
    1079946.5032665562,
    1074946.5032665562,
    1085981.9979127024,
    1109482.6107001086,
    1127844.106588621,
    1122844.106588621,
    1117844.106588621,
    1112844.106588621,
    1124286.3710786616,
    1119286.3710786616,
    1114286.3710786616,
    1109286.3710786616,
    1104286.3710786616,
    1137608.0471614324,
    1132608.0471614324,
    1184627.7956953477,
    1179627.7956953477,
    1174627.7956953477,
    1169627.7956953477,
    1164627.7956953477,
    1162374.6173982243,
    1157374.6173982243,
    1152374.6173982243,
    1147374.6173982243,
    1142374.6173982243,
    1137374.6173982243,
    1139162.5605888595,
    1134162.5605888595,
    1152398.8773564394,
    1147398.8773564394,
    1142398.8773564394,
    1137398.8773564394,
    1132398.8773564394,
    1127398.8773564394,
    1128552.9274484515,
    1123552.9274484515,
    1135271.2409053543,
    1130271.2409053543,
    1125271.2409053543,
    1147719.1566962437,
    1142719.1566962437,
    1137719.1566962437,
    1132719.1566962437,
    1127719.1566962437,
    1122719.1566962437,
    1117719.1566962437,
    1112719.1566962437,
    1107719.1566962437,
    1102719.1566962437,
    1107370.4905075799,
    1102062.8079540953,
    1101500.486974251,
    1096500.486974251,
    1110009.3710649135,
    1126181.6019115676,
    1121181.6019115676,
    1146853.1624498367,
    1141853.1624498367,
    1166758.9939230513,
    1161758.9939230513,
    1155492.6919954475,
    1150492.6919954475,
    1145492.6919954475,
    1140492.6919954475,
    1137646.8247921015,
    1132646.8247921015,
    1144366.3878346896,
    1139366.3878346896,
    1152809.4269709093,
    1147809.4269709093,
    1142809.4269709093,
    1137809.4269709093,
    1132809.4269709093,
    1127809.4269709093,
    1123515.1380498493,
    1118515.1380498493,
    1113515.1380498493,
    1108515.1380498493,
    1137883.278067648,
    1132883.278067648,
    1127883.278067648,
    1128834.8660300602,
    1123834.8660300602,
    1118834.8660300602,
    1113834.8660300602,
    1115921.4518352724,
    1110921.4518352724,
    1105921.4518352724,
    1117446.9414413304,
    1112446.9414413304,
    1107446.9414413304,
    1102446.9414413304,
    1096978.5244892377,
    1114291.3927514039,
    1109291.3927514039,
    1119857.7610413495,
    1114857.7610413495,
    1109857.7610413495,
    1108497.645179628,
    1103497.645179628,
    1098497.645179628,
    1105832.9672002648,
    1100832.9672002648,
    1095832.9672002648,
    1090832.9672002648,
    1092398.577452775,
    1087398.577452775,
    1082398.577452775,
    1077398.577452775,
    1072398.577452775,
    1094425.7796892114,
    1089425.7796892114,
    1084425.7796892114,
    1086219.1952919273,
    1081219.1952919273,
    1076219.1952919273,
    1071219.1952919273,
    1082943.432958236,
    1077943.432958236,
    1072943.432958236,
    1067943.432958236,
    1065225.475695771,
    1063846.4267132143,
    1058846.4267132143,
    1053846.4267132143,
    1077872.831970477,
    1072872.831970477,
    1067872.831970477,
    1062872.831970477,
    1052804.1959229454,
    1047804.1959229454,
    1065834.1981741374,
    1060834.1981741374,
    1068541.6480561262,
    1082756.8354775168,
    1100894.6609982625,
    1116384.2562761917,
    1123284.0988109056,
    1118284.0988109056,
    1113284.0988109056,
    1110061.8474333144,
    1105061.8474333144,
    1100061.8474333144,
    1095061.8474333144,
    1090061.8474333144,
    1085061.8474333144,
    1080061.8474333144,
    1089655.4211956188,
    1084655.4211956188,
    1079655.4211956188,
    1096212.959425437,
    1093343.147361866,
    1092383.3074713284,
    1091052.5537528954,
    1113886.1886371104,
    1125475.102731203,
    1138309.4718206385,
    1133309.4718206385,
    1128309.4718206385,
    1123309.4718206385,
    1142676.0274131005,
    1158540.3369359053,
    1153540.3369359053,
    1163414.0475685287,
    1158414.0475685287,
    1153414.0475685287,
    1148414.0475685287,
    1183004.6455602355,
    1178004.6455602355,
    1199033.4749402427,
    1194033.4749402427,
    1192471.4840247051,
    1188272.817268773,
    1183272.817268773,
    1178272.817268773,
    1173272.817268773,
    1181851.0856555265,
    1186333.0184650058,
    1187010.0931100321,
    1182010.0931100321,
    1218371.763021345,
    1213371.763021345,
    1208371.763021345,
    1200740.573447597,
    1227885.851524935,
    1230729.915838156,
    1225729.915838156,
    1220729.915838156,
    1215729.915838156,
    1210729.915838156,
    1205729.915838156,
    1200729.915838156,
    1195729.915838156,
    1202188.6413579222,
    1205164.645367696,
    1203086.8408458997,
    1211961.1633696095,
    1206961.1633696095,
    1201961.1633696095,
    1196961.1633696095,
    1191961.1633696095,
    1186961.1633696095,
    1181961.1633696095,
    1176961.1633696095,
    1171961.1633696095,
    1166961.1633696095,
    1168463.481908457,
    1163463.481908457,
    1158463.481908457,
    1153463.481908457,
    1148463.481908457,
    1177798.062712619,
    1172798.062712619,
    1167798.062712619,
    1210939.1646554437,
    1207870.8243486097,
    1202870.8243486097,
    1197870.8243486097,
    1192870.8243486097,
    1187870.8243486097,
    1182870.8243486097,
    1202248.3764874914,
    1197248.3764874914,
    1192248.3764874914,
    1187248.3764874914,
    1198778.6615017243,
    1193778.6615017243,
    1188778.6615017243,
    1199476.9609641863,
    1194476.9609641863,
    1189476.9609641863,
    1184476.9609641863,
    1198267.0335076614,
    1211691.4317418702,
    1212173.9873564048,
    1229130.8473801669,
    1224130.8473801669,
    1219130.8473801669,
    1214130.8473801669,
    1209130.8473801669,
    1224672.8849650144,
    1240471.8778013862,
    1235471.8778013862,
    1230471.8778013862,
    1294915.875926846,
    1289915.875926846,
    1284915.875926846,
    1279915.875926846,
    1293904.65036711,
    1288904.65036711,
    1308704.3718021996,
    1303532.1593094969,
    1298532.1593094969,
    1313394.0326665046,
    1308394.0326665046,
    1319689.9655810928,
    1314689.9655810928,
    1310643.159667189,
    1306841.4925338398,
    1301841.4925338398,
    1312679.7980913003,
    1316948.335588923,
    1311948.335588923,
    1313149.0180821295,
    1308149.0180821295,
    1317091.4834898766,
    1312091.4834898766,
    1307091.4834898766,
    1308270.7788874372,
    1303270.7788874372,
    1304261.358066701,
    1317727.0411631947,
    1319974.7056992627,
    1318016.77219146,
    1317370.1663893792,
    1312370.1663893792,
    1310875.412400973,
    1305875.412400973,
    1313535.8859348777,
    1320889.425312257,
    1315889.425312257,
    1314791.9223742513,
    1309791.9223742513,
    1301822.4815924314,
    1296822.4815924314,
    1291822.4815924314,
    1302518.5952466177,
    1297518.5952466177,
    1292518.5952466177,
    1310883.8864650943,
    1305883.8864650943,
    1307537.17818749,
    1316361.587597044,
    1311361.587597044,
    1319553.3351698597,
    1310659.2331693794,
    1314328.437387073,
    1310376.9322578078,
    1305376.9322578078,
    1300376.9322578078,
    1302263.7066398175,
    1297263.7066398175,
    1303133.341944868,
    1317107.1395547246,
    1327119.6080163866,
    1331376.104349181,
    1326376.104349181,
    1329191.9923644054,
    1324191.9923644054,
    1341517.7260180363,
    1344027.8794234886,
    1339027.8794234886,
