{
  "metrics": {
    "Variant": "0.50% stop, ATR\u00d73.0",
    "Capital_Risked": "5.0%",
    "Trades": 1250,
    "Win_rate_pct": 28.0,
    "Win_Loss_ratio": 3.0,
    "Cum_return_pct": 1407.0,
    "Max_DD_pct": 12.0,
    "Max_consec_losses": 25,
    "Max_consec_wins": 6,
    "Win_rate_30d_pct": 23.0,
    "Trades_30d": 30,
    "PnL_30d": -25338.0,
    "Win_rate_7d_pct": 17.0,
    "Trades_7d": 12,
    "PnL_7d": -42923.0,
    "Win_rate_3m_pct": 27.0,
    "Trades_3m": 48,
    "PnL_3m": -24309.0
  },
  "live_position": null,
  "equity_curve": [
    1137718.0398856187,
    1151292.0258746974,
    1146292.0258746974,
    1148523.9480116921,
    1143523.9480116921,
    1140953.4766623392,
    1154811.5421437249,
    1149811.5421437249,
    1144811.5421437249,
    1155695.725772164,
    1150695.725772164,
    1159833.02980908,
    1175668.5937362474,
    1170668.5937362474,
    1165668.5937362474,
    1165570.4583093582,
    1160570.4583093582,
    1155570.4583093582,
    1150570.4583093582,
    1145570.4583093582,
    1140570.4583093582,
    1135570.4583093582,
    1144730.2814300153,
    1139730.2814300153,
    1152702.3774415527,
    1147702.3774415527,
    1148913.452976168,
    1170376.5017404284,
    1165376.5017404284,
    1160376.5017404284,
    1165958.4703968822,
    1160958.4703968822,
    1155958.4703968822,
    1150958.4703968822,
    1176819.5956979115,
    1171819.5956979115,
    1190854.352039758,
    1211056.7634514826,
    1202663.334307441,
    1197663.334307441,
    1192663.334307441,
    1187663.334307441,
    1182663.334307441,
    1191633.5933416593,
    1186633.5933416593,
    1181633.5933416593,
    1176633.5933416593,
    1171633.5933416593,
    1166633.5933416593,
    1161633.5933416593,
    1156633.5933416593,
    1163135.113372963,
    1158135.113372963,
    1169170.6080191091,
    1192671.2208065153,
    1211032.7166950274,
    1206032.7166950274,
    1201032.7166950274,
    1196032.7166950274,
    1207474.9811850681,
    1202474.9811850681,
    1197474.9811850681,
    1192474.9811850681,
    1187474.9811850681,
    1220796.657267839,
    1215796.657267839,
    1267816.4058017542,
    1262816.4058017542,
    1257816.4058017542,
    1252816.4058017542,
    1247816.4058017542,
    1245563.2275046308,
    1240563.2275046308,
    1235563.2275046308,
    1230563.2275046308,
    1225563.2275046308,
    1220563.2275046308,
    1222351.170695266,
    1217351.170695266,
    1235587.4874628459,
    1230587.4874628459,
    1225587.4874628459,
    1220587.4874628459,
    1215587.4874628459,
    1210587.4874628459,
    1205587.4874628459,
    1206741.537554858,
    1201741.537554858,
    1213459.8510117608,
    1208459.8510117608,
    1203459.8510117608,
    1225907.7668026502,
    1220907.7668026502,
    1215907.7668026502,
    1210907.7668026502,
    1214250.0588569539,
    1209250.0588569539,
    1204250.0588569539,
    1199250.0588569539,
    1194250.0588569539,
    1189250.0588569539,
    1184250.0588569539,
    1188901.3926682898,
    1183593.7101148055,
    1183031.3891349612,
    1178031.3891349612,
    1191540.2732256236,
    1207712.5040722778,
    1202712.5040722778,
    1228384.0646105472,
    1223384.0646105472,
    1248289.8960837617,
    1243289.8960837617,
    1237023.594156158,
    1232023.594156158,
    1227023.594156158,
    1222023.594156158,
    1219177.726952812,
    1214177.726952812,
    1225897.2899953998,
    1220897.2899953998,
    1234340.3291316195,
    1229340.3291316195,
    1224340.3291316195,
    1219340.3291316195,
    1214340.3291316195,
    1209340.3291316195,
    1205046.0402105597,
    1200046.0402105597,
    1195046.0402105597,
    1190046.0402105597,
    1201914.359165493,
    1231282.4991832916,
    1226282.4991832916,
    1221282.4991832916,
    1222234.0871457038,
    1217234.0871457038,
    1212234.0871457038,
    1207234.0871457038,
    1212158.7945073182,
    1207158.7945073182,
    1202158.7945073182,
    1213684.2841133762,
    1208684.2841133762,
    1203684.2841133762,
    1198684.2841133762,
    1193215.8671612835,
    1210528.7354234497,
    1205528.7354234497,
    1216095.1037133953,
    1211095.1037133953,
    1206095.1037133953,
    1204734.9878516737,
    1199734.9878516737,
    1194734.9878516737,
    1202070.3098723106,
    1197070.3098723106,
    1192070.3098723106,
    1187070.3098723106,
    1188635.9201248211,
    1183635.9201248211,
    1178635.9201248211,
    1173635.9201248211,
    1168635.9201248211,
    1190663.1223612574,
    1185663.1223612574,
    1180663.1223612574,
    1182456.5379639731,
    1177456.5379639731,
    1172456.5379639731,
    1167456.5379639731,
    1179180.7756302818,
    1174180.7756302818,
    1169180.7756302818,
    1164180.7756302818,
    1161462.8183678165,
    1160083.7693852598,
    1155083.7693852598,
    1150083.7693852598,
    1174110.1746425224,
    1169110.1746425224,
    1164110.1746425224,
    1159110.1746425224,
    1149041.538594991,
    1144041.538594991,
    1162071.540846183,
    1157071.540846183,
    1164778.9907281718,
    1178994.1781495623,
    1197132.003670308,
    1212621.5989482373,
    1219521.4414829514,
    1214521.4414829514,
    1209521.4414829514,
    1206299.19010536,
    1201299.19010536,
    1196299.19010536,
    1191299.19010536,
    1186299.19010536,
    1181299.19010536,
    1176299.19010536,
    1185892.7638676644,
    1180892.7638676644,
    1175892.7638676644,
    1192450.3020974826,
    1189580.4900339115,
    1188620.6501433742,
    1187289.8964249413,
    1210123.5313091562,
    1221712.4454032488,
    1234546.8144926843,
    1229546.8144926843,
    1224546.8144926843,
    1219546.8144926843,
    1238913.3700851463,
    1254777.679607951,
    1249777.679607951,
    1259651.3902405745,
    1254651.3902405745,
    1249651.3902405745,
    1244651.3902405745,
    1279241.9882322813,
    1274241.9882322813,
    1295270.8176122885,
    1290270.8176122885,
    1288708.826696751,
    1284510.1599408188,
    1279510.1599408188,
    1274510.1599408188,
    1269510.1599408188,
    1278088.4283275723,
    1282570.3611370516,
    1283247.435782078,
    1278247.435782078,
    1314609.1056933908,
    1309609.1056933908,
    1304609.1056933908,
    1296977.9161196428,
    1324123.194196981,
    1326967.2585102017,
    1321967.2585102017,
    1316967.2585102017,
    1311967.2585102017,
    1306967.2585102017,
    1301967.2585102017,
    1296967.2585102017,
    1291967.2585102017,
    1298425.984029968,
    1301401.9880397418,
    1299324.1835179455,
    1308198.5060416553,
    1303198.5060416553,
    1298198.5060416553,
    1293198.5060416553,
    1288198.5060416553,
    1283198.5060416553,
    1278198.5060416553,
    1273198.5060416553,
    1268198.5060416553,
    1263198.5060416553,
    1264700.8245805027,
    1259700.8245805027,
    1254700.8245805027,
    1249700.8245805027,
    1244700.8245805027,
    1274035.405384665,
    1269035.405384665,
    1264035.405384665,
    1307176.5073274896,
    1304108.1670206555,
    1299108.1670206555,
    1294108.1670206555,
    1289108.1670206555,
    1284108.1670206555,
    1279108.1670206555,
    1298485.7191595372,
    1293485.7191595372,
    1288485.7191595372,
    1283485.7191595372,
    1295016.00417377,
    1290016.00417377,
    1285016.00417377,
    1295714.3036362322,
    1290714.3036362322,
    1285714.3036362322,
    1280714.3036362322,
    1294504.3761797072,
    1307928.774413916,
    1308411.3300284506,
    1325368.1900522127,
    1320368.1900522127,
    1315368.1900522127,
    1310368.1900522127,
    1305368.1900522127,
    1320910.2276370602,
    1336709.220473432,
    1331709.220473432,
    1326709.220473432,
    1391153.2185988917,
    1386153.2185988917,
    1381153.2185988917,
    1376153.2185988917,
    1390141.9930391558,
    1385141.9930391558,
    1404941.7144742454,
    1399769.5019815427,
    1394769.5019815427,
    1409631.3753385504,
    1404631.3753385504,
    1415927.3082531386,
    1410927.3082531386,
    1406880.5023392348,
    1403078.8352058856,
